filename,width,height,class,xmin,ymin,xmax,ymax
2019-01-15_071501.jpg,720,576,kalb,458,306,586,387
2019-03-31_211501.jpg,720,576,kalb,199,256,297,339
2018-12-03_021501.jpg,720,576,kalb,321,47,361,68
2018-11-29_022001.jpg,720,576,kalb,320,431,494,576
2018-11-19_052001.jpg,720,576,person,339,61,445,266
2018-11-19_085501.jpg,720,576,kalb,270,72,342,128
2018-12-18_063001.jpg,720,576,kalb,299,235,394,333
2019-01-14_080501.jpg,720,576,kalb,144,99,211,161
2018-11-12_071501.jpg,720,576,kalb,255,443,325,491
2018-12-18_064501.jpg,720,576,kalb,317,237,392,324
2018-12-18_012501.jpg,720,576,kalb,456,128,546,189
2019-05-06_221001.jpg,720,576,kalb,439,252,515,342
2018-11-19_080001.jpg,720,576,kalb,293,51,363,116
2019-02-18_051001.jpg,720,576,kalb,416,281,546,420
2019-02-18_112001.jpg,720,576,kalb,507,187,572,254
2018-12-19_111001.jpg,720,576,kalb,485,150,558,225
2018-12-09_085001.jpg,720,576,kalb,470,128,528,182
2019-01-14_060501.jpg,720,576,kalb,215,95,303,144
2019-01-14_025001.jpg,720,576,kalb,265,55,309,92
2019-01-15_041001.jpg,720,576,kalb,124,209,192,254
2019-01-07_051001.jpg,720,576,person,478,346,618,550
2018-11-12_144001.jpg,720,576,kalb,384,401,498,509
2019-01-04_041001.jpg,720,576,kalb,318,8,397,67
2019-01-15_132001.jpg,720,576,kalb,282,24,328,73
2018-12-18_091001.jpg,720,576,kalb,451,275,586,335
2018-12-24_180001.jpg,720,576,kalb,496,141,571,228
2018-12-24_180001.jpg,720,576,kalb,369,205,449,282
2018-11-19_091501.jpg,720,576,kalb,264,78,351,125
2018-12-18_011001.jpg,720,576,kalb,470,120,545,169
2018-12-24_181001.jpg,720,576,kalb,508,142,571,235
2018-12-24_181001.jpg,720,576,kalb,364,203,427,283
2018-11-12_031501.jpg,720,576,kalb,155,153,239,200
2019-01-16_044501.jpg,720,576,kalb,241,96,303,166
2019-01-15_042501.jpg,720,576,kalb,120,214,204,263
2019-01-14_190501.jpg,720,576,kalb,78,180,115,213
2018-11-12_030501.jpg,720,576,kalb,162,150,231,207
2018-12-24_171001.jpg,720,576,kalb,518,147,563,203
2019-06-03_011501.jpg,720,576,kalb,473,120,515,176
2019-02-17_131001.jpg,720,576,kalb,284,84,364,130
2019-01-04_051501.jpg,720,576,kalb,335,36,401,77
2018-11-12_050001.jpg,720,576,kalb,288,232,379,329
2018-12-02_190001.jpg,720,576,kalb,495,102,573,191
2019-01-16_032502.jpg,720,576,kalb,398,70,456,124
2019-01-15_211001.jpg,720,576,kalb,144,132,217,180
2018-12-03_012501.jpg,720,576,kalb,267,466,368,576
2019-01-16_105001.jpg,720,576,kalb,239,73,304,127
2018-12-19_104001.jpg,720,576,kalb,503,167,615,223
2019-01-14_221001.jpg,720,576,kalb,84,139,130,210
2019-01-13_134501.jpg,720,576,kalb,454,189,527,244
2019-01-14_054001.jpg,720,576,kalb,217,96,292,141
2019-01-15_100501.jpg,720,576,kalb,331,270,466,360
2018-11-12_113501.jpg,720,576,kalb,323,48,382,146
2018-12-24_202001.jpg,720,576,kalb,201,237,280,342
2018-12-24_202001.jpg,720,576,kalb,510,123,581,191
2019-01-15_000501.jpg,720,576,kalb,363,157,457,255
2019-01-13_235001.jpg,720,576,kalb,224,62,290,105
2018-11-29_062501.jpg,720,576,kalb,241,294,337,385
2018-12-23_111001.jpg,720,576,kalb,267,84,339,156
2018-12-23_111001.jpg,720,576,person,342,19,426,185
2019-01-15_021501.jpg,720,576,kalb,146,115,218,168
2018-12-18_032501.jpg,720,576,kalb,372,303,536,403
2018-12-02_124501.jpg,720,576,kalb,180,284,271,368
2019-01-14_035001.jpg,720,576,kalb,104,197,182,248
2018-11-19_205001.jpg,720,576,kalb,453,192,557,255
2018-12-02_110501.jpg,720,576,kalb,304,360,402,470
2018-11-12_032501.jpg,720,576,kalb,270,194,408,317
2019-01-16_090001.jpg,720,576,kalb,338,103,422,145
2019-01-15_154501.jpg,720,576,kalb,454,109,523,164
2019-01-03_052001.jpg,720,576,kalb,414,115,515,188
2019-01-16_031001.jpg,720,576,kalb,399,68,457,124
2019-01-14_034001.jpg,720,576,kalb,107,197,179,253
2019-01-13_135001.jpg,720,576,kalb,452,188,530,244
2019-01-04_084001.jpg,720,576,kalb,336,42,399,85
2019-01-17_012501.jpg,720,576,kalb,472,104,532,171
2018-11-12_025001.jpg,720,576,kalb,133,157,223,195
2018-11-20_004501.jpg,720,576,kalb,199,192,309,270
2019-01-15_221001.jpg,720,576,kalb,124,130,201,174
2018-11-29_093001.jpg,720,576,kalb,162,99,233,189
2018-11-29_093001.jpg,720,576,kalb,272,154,381,220
2019-01-13_230001.jpg,720,576,kalb,155,247,243,358
2019-03-03_062501.jpg,720,576,kalb,461,123,550,170
2018-12-19_123501.jpg,720,576,kalb,366,157,419,187
2019-01-04_092501.jpg,720,576,kalb,528,153,625,236
2019-01-14_055001.jpg,720,576,kalb,212,94,311,145
2018-12-23_093501.jpg,720,576,kalb,266,375,409,518
2019-01-15_110501.jpg,720,576,kalb,357,273,449,352
2019-01-16_082501.jpg,720,576,kalb,301,131,386,180
2019-01-16_075501.jpg,720,576,kalb,297,128,389,182
2019-01-14_041501.jpg,720,576,kalb,220,96,300,150
2019-02-03_112001.jpg,720,576,kalb,149,122,209,170
2018-11-12_120001.jpg,720,576,kalb,532,209,649,283
2018-12-23_082001.jpg,720,576,kalb,445,344,565,427
2019-01-16_062001.jpg,720,576,kalb,246,92,306,147
2019-01-14_221501.jpg,720,576,kalb,281,52,348,127
2019-01-14_062501.jpg,720,576,kalb,342,104,378,200
2018-11-19_070001.jpg,720,576,kalb,167,367,305,501
2019-01-15_051001.jpg,720,576,kalb,89,182,153,226
2018-11-12_014501.jpg,720,576,person,489,427,636,576
2018-11-12_014501.jpg,720,576,kalb,119,156,220,210
2018-11-29_091001.jpg,720,576,kalb,77,97,172,193
2018-11-29_091001.jpg,720,576,kalb,406,219,481,308
2018-11-29_091001.jpg,720,576,person,263,90,371,276
2019-01-14_075501.jpg,720,576,kalb,140,99,203,161
2018-11-19_084001.jpg,720,576,kalb,57,143,149,241
2019-01-03_113001.jpg,720,576,kalb,479,105,576,208
2019-01-16_062501.jpg,720,576,kalb,245,95,303,147
2019-01-13_131001.jpg,720,576,kalb,461,186,522,241
2018-11-12_151001.jpg,720,576,kalb,387,404,497,503
2018-11-19_110501.jpg,720,576,kalb,420,60,482,126
2019-01-04_113501.jpg,720,576,kalb,403,55,440,78
2019-09-08_160501.jpg,720,576,kalb,341,136,398,190
2018-11-19_122501.jpg,720,576,kalb,34,132,109,206
2018-11-19_122501.jpg,720,576,person,52,67,118,209
2019-07-12_175501.jpg,720,576,kalb,381,410,458,495
2018-11-20_051501.jpg,720,576,kalb,271,113,328,209
2018-12-23_082501.jpg,720,576,kalb,435,349,565,432
2018-12-01_002501.jpg,720,576,person,211,368,314,487
2018-12-01_002501.jpg,720,576,person,372,394,477,540
2019-02-08_130001.jpg,720,576,kalb,252,329,337,424
2018-12-25_000501.jpg,720,576,kalb,570,352,703,464
2018-12-25_000501.jpg,720,576,kalb,450,464,632,557
2019-01-16_121501.jpg,720,576,kalb,464,116,527,180
2018-12-24_172501.jpg,720,576,kalb,507,160,574,198
2019-01-14_041001.jpg,720,576,kalb,217,95,296,148
2019-01-15_111001.jpg,720,576,kalb,353,271,450,353
2019-01-04_030501.jpg,720,576,kalb,335,19,386,60
2018-11-20_054501.jpg,720,576,kalb,302,44,381,121
2018-11-20_005001.jpg,720,576,kalb,206,199,296,272
2018-12-24_235501.jpg,720,576,kalb,444,83,538,163
2018-12-24_235501.jpg,720,576,kalb,190,234,303,339
2018-11-12_093501.jpg,720,576,kalb,173,346,286,457
2018-11-12_023001.jpg,720,576,kalb,133,154,214,200
2018-11-29_053501.jpg,720,576,kalb,386,189,487,248
2019-01-15_081001.jpg,720,576,kalb,485,309,570,392
2018-11-29_033501.jpg,720,576,kalb,355,149,455,235
2018-11-19_214501.jpg,720,576,kalb,463,195,549,255
2019-01-03_054501.jpg,720,576,kalb,318,43,386,105
2019-01-14_203501.jpg,720,576,kalb,80,158,132,225
2018-11-19_140501.jpg,720,576,kalb,338,101,409,164
2019-01-14_013001.jpg,720,576,kalb,262,61,285,101
2018-11-29_083001.jpg,720,576,kalb,380,38,452,120
2018-11-29_083001.jpg,720,576,kalb,355,351,503,451
2019-01-15_011001.jpg,720,576,kalb,141,117,211,162
2018-12-09_070001.jpg,720,576,kalb,390,191,456,288
2019-01-15_182501.jpg,720,576,kalb,402,334,523,413
2019-03-01_112501.jpg,720,576,kalb,257,302,364,414
2018-12-19_121501.jpg,720,576,kalb,392,148,481,229
2018-12-23_075501.jpg,720,576,kalb,490,203,598,333
2018-12-25_114001.jpg,720,576,person,326,9,398,162
2018-12-02_104501.jpg,720,576,kalb,280,439,384,550
2019-07-12_051501.jpg,720,576,kalb,486,122,539,249
2018-11-29_063001.jpg,720,576,kalb,239,294,333,375
2018-11-29_063001.jpg,720,576,person,520,162,615,260
2018-12-02_150001.jpg,720,576,kalb,378,30,422,127
2018-11-19_083001.jpg,720,576,kalb,178,411,298,498
2018-11-20_061001.jpg,720,576,kalb,295,45,383,104
2019-02-08_115001.jpg,720,576,kalb,237,399,304,506
2019-02-08_115001.jpg,720,576,person,193,307,350,435
2019-02-08_115001.jpg,720,576,person,204,170,280,315
2018-11-12_104001.jpg,720,576,kalb,226,434,364,522
2019-04-25_010501.jpg,720,576,person,36,350,139,468
2019-06-02_210501.jpg,720,576,kalb,528,166,604,300
2018-11-19_225501.jpg,720,576,kalb,289,75,372,116
2019-01-15_021001.jpg,720,576,kalb,148,111,213,163
2019-01-14_201001.jpg,720,576,kalb,77,154,125,222
2019-01-16_004001.jpg,720,576,kalb,202,89,269,166
2018-12-02_104001.jpg,720,576,person,433,275,555,463
2018-12-02_104001.jpg,720,576,person,29,420,171,569
2018-12-02_104001.jpg,720,576,person,405,459,543,576
2018-12-02_104001.jpg,720,576,kalb,249,429,361,517
2018-12-02_155501.jpg,720,576,kalb,413,293,563,392
2019-01-16_103001.jpg,720,576,kalb,205,117,283,212
2018-11-24_013001.jpg,720,576,person,527,448,635,576
2018-12-09_040501.jpg,720,576,person,248,31,351,151
2019-01-15_120501.jpg,720,576,kalb,384,99,456,141
2019-01-16_064001.jpg,720,576,kalb,247,95,304,154
2018-12-24_190001.jpg,720,576,kalb,186,245,280,337
2018-12-24_190001.jpg,720,576,kalb,510,123,600,228
2019-01-04_074001.jpg,720,576,kalb,329,43,408,87
2019-01-14_003001.jpg,720,576,kalb,425,280,543,386
2019-01-03_112501.jpg,720,576,kalb,151,358,240,460
2019-01-16_001501.jpg,720,576,kalb,190,88,270,129
2018-12-18_085001.jpg,720,576,kalb,474,262,583,359
2018-12-02_113001.jpg,720,576,kalb,288,372,387,485
2019-01-14_030501.jpg,720,576,kalb,262,48,326,102
2019-01-15_234501.jpg,720,576,kalb,194,84,269,136
2018-11-12_061501.jpg,720,576,kalb,211,433,308,549
2018-12-24_184501.jpg,720,576,kalb,508,128,603,227
2018-12-24_184501.jpg,720,576,kalb,192,242,253,322
2019-01-15_105001.jpg,720,576,kalb,357,267,446,353
2019-01-26_095501.jpg,720,576,kalb,85,167,179,245
2018-11-12_021501.jpg,720,576,kalb,135,156,209,203
2019-01-14_044501.jpg,720,576,kalb,223,94,300,146
2019-01-04_043001.jpg,720,576,kalb,339,35,406,72
2019-01-15_044001.jpg,720,576,kalb,127,203,201,263
2018-11-12_140501.jpg,720,576,kalb,293,264,451,376
2019-01-15_083501.jpg,720,576,kalb,482,308,572,386
2019-01-15_181001.jpg,720,576,kalb,451,104,519,167
2019-01-04_091001.jpg,720,576,kalb,248,121,339,224
2019-01-16_112501.jpg,720,576,kalb,260,89,348,156
2018-12-23_065001.jpg,720,576,kalb,523,247,628,335
2019-01-03_105001.jpg,720,576,person,356,5,431,85
2019-01-03_035001.jpg,720,576,kalb,322,82,373,119
2018-12-18_042001.jpg,720,576,kalb,426,210,516,298
2019-01-04_073501.jpg,720,576,kalb,327,46,407,85
2018-12-18_083501.jpg,720,576,kalb,320,99,389,188
2019-02-02_021001.jpg,720,576,kalb,98,234,162,297
2019-02-02_075001.jpg,720,576,kalb,189,401,278,519
2019-01-16_011001.jpg,720,576,kalb,332,44,395,92
2019-01-16_014001.jpg,720,576,kalb,329,43,396,84
2018-11-19_120501.jpg,720,576,kalb,471,200,545,265
2018-12-26_001501.jpg,720,576,person,190,95,308,276
2018-12-09_063001.jpg,720,576,kalb,419,47,496,126
2018-11-20_010001.jpg,720,576,kalb,202,201,303,267
2019-01-16_042501.jpg,720,576,kalb,243,96,304,162
2019-01-15_125501.jpg,720,576,kalb,383,102,463,144
2018-12-02_103001.jpg,720,576,person,362,223,486,376
2018-12-02_103001.jpg,720,576,person,96,255,230,422
2018-12-02_103001.jpg,720,576,person,21,409,147,550
2018-12-02_103001.jpg,720,576,kalb,84,393,228,491
2018-11-29_051001.jpg,720,576,kalb,387,177,477,234
2018-11-12_054501.jpg,720,576,kalb,295,125,368,260
2018-11-19_131001.jpg,720,576,kalb,299,70,421,142
2019-02-02_095501.jpg,720,576,kalb,444,335,536,436
2018-11-19_051001.jpg,720,576,person,1,295,71,499
2019-01-13_162001.jpg,720,576,kalb,279,123,353,172
2019-01-16_110501.jpg,720,576,person,659,60,715,204
2019-01-16_110501.jpg,720,576,kalb,617,96,671,188
2019-01-04_094501.jpg,720,576,kalb,111,135,148,202
2019-01-15_094001.jpg,720,576,kalb,348,269,446,360
2018-11-12_094001.jpg,720,576,kalb,174,341,289,447
2019-03-04_043501.jpg,720,576,kalb,266,59,340,101
2018-11-12_055001.jpg,720,576,kalb,205,429,340,555
2019-01-15_101501.jpg,720,576,kalb,339,271,457,362
2018-12-18_015501.jpg,720,576,kalb,436,122,530,172
2019-01-13_113001.jpg,720,576,person,206,26,281,121
2019-01-13_113001.jpg,720,576,person,429,58,506,155
2018-12-02_112501.jpg,720,576,kalb,267,384,389,492
2018-12-09_065001.jpg,720,576,kalb,382,112,474,188
2018-11-12_083501.jpg,720,576,kalb,183,342,270,440
2018-12-18_052501.jpg,720,576,kalb,239,176,314,274
2018-11-12_101001.jpg,720,576,kalb,213,432,353,510
2019-01-04_004001.jpg,720,576,kalb,412,121,504,218
2019-01-16_034001.jpg,720,576,kalb,284,80,338,167
2019-01-03_122001.jpg,720,576,kalb,459,127,537,164
2018-12-18_113001.jpg,720,576,person,600,9,666,165
2019-01-04_053001.jpg,720,576,kalb,339,32,406,77
2019-01-15_103001.jpg,720,576,kalb,358,269,457,354
2018-12-05_074001.jpg,720,576,person,218,32,298,189
2018-12-05_074001.jpg,720,576,person,308,2,384,149
2018-12-05_073501.jpg,720,576,person,203,16,301,164
2018-12-05_073501.jpg,720,576,person,299,1,382,107
2018-11-29_105001.jpg,720,576,kalb,377,188,473,273
2018-11-29_105001.jpg,720,576,kalb,219,371,289,494
2019-01-15_010001.jpg,720,576,kalb,175,84,211,155
2018-12-02_122001.jpg,720,576,kalb,336,438,468,555
2019-03-23_234001.jpg,720,576,person,309,95,366,147
2018-11-29_045001.jpg,720,576,kalb,379,164,478,223
2019-01-16_110001.jpg,720,576,kalb,304,14,346,115
2019-01-16_110001.jpg,720,576,person,266,32,324,128
2018-12-18_041501.jpg,720,576,kalb,423,214,516,281
2018-12-09_071001.jpg,720,576,kalb,502,240,539,303
2019-02-08_130501.jpg,720,576,kalb,226,322,343,415
2019-07-15_071001.jpg,720,576,kalb,118,431,250,570
2019-07-15_071001.jpg,720,576,person,497,290,616,440
2019-07-15_071001.jpg,720,576,person,36,463,161,576
2019-01-04_080501.jpg,720,576,kalb,340,46,408,104
2018-11-20_053001.jpg,720,576,kalb,349,26,441,122
2018-11-12_085501.jpg,720,576,kalb,193,330,277,441
2019-01-16_072001.jpg,720,576,kalb,298,132,378,181
2019-01-16_044001.jpg,720,576,kalb,241,97,306,170
2018-11-12_063001.jpg,720,576,kalb,214,434,330,490
2019-01-03_060001.jpg,720,576,kalb,158,174,281,263
2019-08-04_231501.jpg,720,576,kalb,449,340,532,429
2018-11-12_135001.jpg,720,576,kalb,295,142,417,251
2018-12-23_083001.jpg,720,576,kalb,439,349,567,432
2019-01-15_225001.jpg,720,576,kalb,379,59,452,94
2019-01-14_061501.jpg,720,576,kalb,214,96,312,144
2019-01-04_050001.jpg,720,576,kalb,340,36,409,80
2018-11-12_110001.jpg,720,576,kalb,218,444,355,523
2019-01-15_025001.jpg,720,576,kalb,103,243,163,310
2019-01-13_131501.jpg,720,576,kalb,453,185,525,244
2019-07-01_144001.jpg,720,576,kalb,140,282,224,429
2018-11-19_125501.jpg,720,576,kalb,285,60,337,120
2019-01-15_180001.jpg,720,576,kalb,452,109,517,162
2019-01-16_120001.jpg,720,576,kalb,465,110,531,183
2019-06-25_104001.jpg,720,576,kalb,106,129,199,174
2019-05-19_120501.jpg,720,576,kalb,421,80,464,141
2019-01-04_000501.jpg,720,576,kalb,370,79,496,163
2018-11-19_220501.jpg,720,576,kalb,323,189,413,304
2018-12-23_102001.jpg,720,576,kalb,89,212,175,275
2018-12-23_102501.jpg,720,576,kalb,137,284,226,443
2018-12-09_043001.jpg,720,576,kalb,217,28,279,70
2018-12-09_043001.jpg,720,576,person,352,1,418,78
2019-01-15_161501.jpg,720,576,kalb,452,108,516,166
2019-01-13_230501.jpg,720,576,kalb,374,200,481,314
2019-01-16_091001.jpg,720,576,kalb,336,108,424,154
2019-01-13_173501.jpg,720,576,kalb,286,125,352,172
2019-06-25_025001.jpg,720,576,kalb,497,234,603,378
2019-08-16_071501.jpg,720,576,kalb,144,127,211,168
2019-05-06_120501.jpg,720,576,kalb,388,252,488,323
2018-11-12_041001.jpg,720,576,kalb,227,384,340,475
2018-11-12_023501.jpg,720,576,kalb,139,155,211,192
2019-02-09_053501.jpg,720,576,kalb,93,220,174,303
2018-12-03_052001.jpg,720,576,kalb,560,305,637,388
2018-12-25_001001.jpg,720,576,kalb,599,345,698,462
2018-12-25_001001.jpg,720,576,kalb,457,469,629,567
2018-12-24_214001.jpg,720,576,kalb,495,95,579,207
2018-12-24_214001.jpg,720,576,kalb,202,237,281,341
2019-01-15_085001.jpg,720,576,kalb,477,300,564,382
2019-01-13_223501.jpg,720,576,kalb,117,176,188,228
2019-03-22_035501.jpg,720,576,kalb,412,240,533,305
2018-12-03_051501.jpg,720,576,kalb,273,466,389,576
2019-01-04_112001.jpg,720,576,kalb,390,60,437,87
2019-01-13_195001.jpg,720,576,kalb,245,78,286,126
2019-01-16_104001.jpg,720,576,kalb,446,73,521,162
2019-02-01_234501.jpg,720,576,kalb,383,300,500,375
2019-01-15_070001.jpg,720,576,kalb,381,47,434,103
2019-01-03_063501.jpg,720,576,kalb,150,318,227,436
2018-11-12_114501.jpg,720,576,kalb,532,216,658,288
2018-12-23_084001.jpg,720,576,kalb,457,348,564,434
2018-11-12_064001.jpg,720,576,kalb,201,441,323,492
2018-12-24_230501.jpg,720,576,kalb,437,97,543,160
2018-12-24_230501.jpg,720,576,kalb,197,231,299,332
2018-11-29_103001.jpg,720,576,kalb,381,170,474,304
2018-11-29_103001.jpg,720,576,kalb,592,116,672,222
2019-01-15_091501.jpg,720,576,kalb,440,255,485,399
2018-11-29_073501.jpg,720,576,kalb,214,281,325,371
2018-11-29_073501.jpg,720,576,kalb,381,51,468,100
2018-11-12_081001.jpg,720,576,kalb,191,345,276,445
2019-01-14_090501.jpg,720,576,kalb,142,103,210,158
2018-12-23_071501.jpg,720,576,kalb,499,180,576,242
2019-07-12_223001.jpg,720,576,kalb,226,426,312,566
2019-07-15_030501.jpg,720,576,kalb,229,462,340,570
2019-07-03_164501.jpg,720,576,kalb,218,452,347,568
2019-01-16_045501.jpg,720,576,kalb,243,95,303,163
2018-11-12_094501.jpg,720,576,kalb,171,345,287,447
2018-12-09_073501.jpg,720,576,kalb,686,51,720,120
2019-02-28_212501.jpg,720,576,kalb,297,99,397,143
2019-06-26_091001.jpg,720,576,kalb,58,149,122,201
2019-01-04_034501.jpg,720,576,kalb,333,25,383,58
2018-12-02_121501.jpg,720,576,kalb,356,437,465,542
2018-12-18_014501.jpg,720,576,kalb,436,122,540,175
2019-01-16_111501.jpg,720,576,kalb,414,48,506,135
2019-01-15_002501.jpg,720,576,kalb,80,137,129,211
2019-01-15_002501.jpg,720,576,person,170,86,256,166
2019-01-14_070001.jpg,720,576,kalb,354,189,450,312
2018-11-29_055501.jpg,720,576,kalb,321,188,423,241
2018-11-29_100001.jpg,720,576,kalb,292,168,367,250
2018-11-29_100001.jpg,720,576,kalb,63,139,122,235
2018-11-29_082501.jpg,720,576,kalb,368,351,491,443
2018-11-29_082501.jpg,720,576,kalb,162,113,235,154
2019-06-29_050001.jpg,720,576,kalb,617,175,703,280
2019-01-15_171501.jpg,720,576,kalb,451,108,522,159
2018-11-20_055001.jpg,720,576,kalb,302,51,380,114
2019-03-03_082001.jpg,720,576,kalb,285,48,354,87
2018-11-20_052001.jpg,720,576,kalb,260,164,348,291
2018-11-12_082501.jpg,720,576,kalb,170,341,271,447
2018-11-29_070501.jpg,720,576,kalb,221,308,337,373
2018-11-29_070501.jpg,720,576,kalb,356,47,401,82
2019-01-14_064001.jpg,720,576,kalb,395,141,444,247
2018-11-12_150001.jpg,720,576,kalb,385,392,504,499
2019-01-13_111001.jpg,720,576,person,104,122,191,218
2018-11-29_102001.jpg,720,576,kalb,295,164,379,252
2018-11-29_102001.jpg,720,576,kalb,642,152,716,244
2018-11-29_044501.jpg,720,576,kalb,388,161,474,234
2018-12-18_065001.jpg,720,576,kalb,306,228,392,342
2019-01-13_122501.jpg,720,576,kalb,293,53,343,99
2018-12-03_005501.jpg,720,576,kalb,450,333,561,470
2018-12-03_005501.jpg,720,576,person,352,351,496,478
2018-12-18_070501.jpg,720,576,kalb,320,228,389,331
2019-01-16_050501.jpg,720,576,kalb,245,96,304,148
2019-06-02_222001.jpg,720,576,kalb,536,287,596,373
2018-12-09_044501.jpg,720,576,kalb,232,93,312,148
2019-01-25_124001.jpg,720,576,kalb,465,98,525,164
2018-12-09_083001.jpg,720,576,kalb,461,82,551,173
2019-01-16_094501.jpg,720,576,kalb,188,77,286,141
2019-01-16_003001.jpg,720,576,kalb,262,95,345,180
2019-01-16_101501.jpg,720,576,kalb,194,103,275,153
2019-07-02_155001.jpg,720,576,kalb,251,17,329,108
2019-01-18_233001.jpg,720,576,kalb,384,268,483,347
2019-01-19_075001.jpg,720,576,kalb,339,181,419,253
2018-11-12_022001.jpg,720,576,kalb,136,159,212,203
2018-11-19_235001.jpg,720,576,kalb,289,148,345,268
2019-01-16_073501.jpg,720,576,kalb,289,133,373,181
2018-11-29_105501.jpg,720,576,kalb,217,370,301,488
2018-11-29_105501.jpg,720,576,kalb,380,182,463,277
2019-01-15_124501.jpg,720,576,kalb,386,100,463,142
2018-12-24_185001.jpg,720,576,kalb,186,248,283,340
2018-12-24_185001.jpg,720,576,kalb,514,144,620,223
2019-01-14_072001.jpg,720,576,kalb,604,224,666,316
2018-12-02_184001.jpg,720,576,kalb,574,214,662,317
2018-11-19_213001.jpg,720,576,kalb,449,191,567,257
2018-11-19_231501.jpg,720,576,kalb,427,208,543,262
2018-12-24_165001.jpg,720,576,kalb,516,157,580,254
2018-12-05_084001.jpg,720,576,person,498,324,663,519
2018-12-05_084001.jpg,720,576,person,314,460,469,576
2018-11-20_000001.jpg,720,576,kalb,205,194,293,271
2018-12-18_035001.jpg,720,576,kalb,262,119,380,217
2018-11-19_073501.jpg,720,576,kalb,341,104,424,150
2018-11-29_055001.jpg,720,576,kalb,291,275,348,349
2019-01-04_044001.jpg,720,576,kalb,340,36,403,78
2019-01-14_052001.jpg,720,576,kalb,223,96,292,145
2019-07-01_213001.jpg,720,576,kalb,133,301,245,408
2019-01-25_130001.jpg,720,576,kalb,463,102,533,168
2019-01-14_051501.jpg,720,576,kalb,223,95,294,144
2019-01-15_232501.jpg,720,576,kalb,125,166,190,273
2018-11-29_052501.jpg,720,576,kalb,401,176,476,240
2018-12-01_003501.jpg,720,576,person,347,369,463,517
2019-01-14_084501.jpg,720,576,kalb,140,103,204,157
2018-11-19_215501.jpg,720,576,kalb,433,149,540,241
2018-12-02_111001.jpg,720,576,kalb,256,370,359,460
2018-12-18_084001.jpg,720,576,kalb,439,176,504,267
2018-12-03_054501.jpg,720,576,kalb,576,273,669,363
2019-01-16_053001.jpg,720,576,kalb,246,96,304,150
2019-03-04_021501.jpg,720,576,kalb,338,1,380,70
2019-01-13_133001.jpg,720,576,kalb,455,187,526,240
2018-11-12_102501.jpg,720,576,kalb,210,423,340,520
2018-12-02_150501.jpg,720,576,kalb,521,273,637,367
2018-11-29_041501.jpg,720,576,kalb,350,167,435,241
2018-11-19_094501.jpg,720,576,kalb,193,243,253,379
2018-11-12_033001.jpg,720,576,kalb,297,132,411,226
2018-11-19_105501.jpg,720,576,kalb,68,192,157,295
2019-01-14_045501.jpg,720,576,kalb,218,94,297,146
2018-12-18_042501.jpg,720,576,kalb,432,210,509,307
2018-11-12_151501.jpg,720,576,kalb,386,401,511,499
2018-11-12_044001.jpg,720,576,kalb,280,242,384,338
2018-12-09_040001.jpg,720,576,person,226,46,315,220
2019-06-17_125501.jpg,720,576,kalb,108,267,178,339
2019-06-17_125501.jpg,720,576,kalb,148,227,204,282
2019-03-21_054501.jpg,720,576,person,86,143,173,260
2019-03-21_054501.jpg,720,576,person,485,264,631,477
2018-11-29_113001.jpg,720,576,kalb,225,371,305,487
2018-11-29_113001.jpg,720,576,kalb,311,281,464,369
2019-01-14_052501.jpg,720,576,kalb,218,101,304,147
2018-11-20_011001.jpg,720,576,kalb,211,198,296,270
2018-11-19_131501.jpg,720,576,kalb,476,238,541,416
2019-07-13_013001.jpg,720,576,kalb,198,474,312,564
2019-02-07_055001.jpg,720,576,kalb,429,355,546,416
2019-01-14_170001.jpg,720,576,kalb,301,228,361,325
2018-12-09_054501.jpg,720,576,kalb,456,62,501,172
2019-01-03_103501.jpg,720,576,kalb,265,72,356,149
2019-01-03_103501.jpg,720,576,person,323,1,384,116
2019-01-04_102501.jpg,720,576,kalb,501,125,602,200
2019-01-04_120501.jpg,720,576,kalb,361,50,418,100
2018-12-03_010001.jpg,720,576,kalb,394,363,530,467
2019-08-03_025001.jpg,720,576,kalb,318,315,400,409
2019-01-13_155502.jpg,720,576,kalb,273,133,359,169
2019-07-14_000501.jpg,720,576,kalb,288,224,393,297
2019-01-04_074501.jpg,720,576,kalb,332,42,410,84
2019-01-16_052501.jpg,720,576,kalb,248,95,303,149
2019-03-23_224501.jpg,720,576,kalb,303,90,368,142
2019-08-04_111501.jpg,720,576,kalb,212,297,289,462
2018-12-18_021001.jpg,720,576,kalb,345,118,427,204
2018-12-23_081001.jpg,720,576,kalb,416,341,544,468
2018-11-19_092501.jpg,720,576,kalb,269,78,342,127
2018-12-09_044001.jpg,720,576,kalb,226,84,306,140
2019-07-12_154501.jpg,720,576,kalb,206,464,311,574
2018-12-18_054501.jpg,720,576,kalb,268,211,365,284
2019-01-03_084001.jpg,720,576,kalb,400,272,478,353
2019-07-13_195001.jpg,720,576,kalb,220,91,301,176
2019-03-03_020501.jpg,720,576,kalb,480,112,547,188
2019-09-08_214501.jpg,720,576,kalb,415,93,469,150
2019-01-16_000001.jpg,720,576,kalb,191,85,270,132
2018-12-23_091501.jpg,720,576,kalb,82,168,137,234
2019-01-15_000001.jpg,720,576,kalb,94,124,141,206
2019-01-15_000001.jpg,720,576,person,311,77,432,248
2019-01-14_181001.jpg,720,576,kalb,432,170,508,275
2018-11-19_132501.jpg,720,576,kalb,398,52,433,127
2019-08-15_172501.jpg,720,576,kalb,412,123,452,221
2019-01-04_005001.jpg,720,576,kalb,362,49,437,98
2019-01-24_100501.jpg,720,576,kalb,440,100,485,197
2018-12-05_081001.jpg,720,576,person,669,61,720,189
2019-01-15_110001.jpg,720,576,kalb,357,273,446,358
2019-01-16_011501.jpg,720,576,kalb,330,46,392,81
2019-01-13_130501.jpg,720,576,kalb,456,185,523,250
2018-12-24_201001.jpg,720,576,kalb,477,114,576,212
2018-12-24_201001.jpg,720,576,kalb,178,233,307,345
2019-01-03_065001.jpg,720,576,kalb,142,327,231,435
2018-11-19_112001.jpg,720,576,kalb,465,192,539,285
2019-01-03_043002.jpg,720,576,kalb,309,40,401,82
2019-01-16_105501.jpg,720,576,kalb,232,71,311,126
2019-07-03_205501.jpg,720,576,kalb,233,424,356,575
2018-12-09_084501.jpg,720,576,kalb,432,135,521,201
2019-07-12_024501.jpg,720,576,kalb,152,193,209,264
2018-11-29_100501.jpg,720,576,kalb,96,176,169,259
2018-11-29_100501.jpg,720,576,kalb,285,169,372,242
2018-11-29_045501.jpg,720,576,kalb,393,170,455,239
2018-12-09_061001.jpg,720,576,kalb,567,164,617,225
2019-01-03_111001.jpg,720,576,kalb,506,214,572,341
2018-12-18_051501.jpg,720,576,kalb,198,225,368,327
2018-11-19_224501.jpg,720,576,kalb,295,191,367,303
2018-12-23_124501.jpg,720,576,kalb,185,75,264,139
2018-12-18_071501.jpg,720,576,kalb,308,232,402,325
2018-11-29_071001.jpg,720,576,kalb,351,45,399,87
2018-11-29_071001.jpg,720,576,kalb,212,280,326,369
2018-11-29_053001.jpg,720,576,kalb,399,178,477,240
2018-12-18_040001.jpg,720,576,kalb,360,304,514,410
2019-03-02_074001.jpg,720,576,kalb,227,53,296,120
2018-12-05_080001.jpg,720,576,person,153,39,249,189
2018-12-03_080501.jpg,720,576,kalb,411,401,539,537
2018-12-03_023501.jpg,720,576,kalb,464,120,522,192
2019-01-04_033501.jpg,720,576,kalb,332,22,381,58
2019-01-15_230001.jpg,720,576,kalb,382,59,448,100
2019-02-03_213001.jpg,720,576,kalb,469,142,531,194
2019-01-14_222001.jpg,720,576,kalb,179,54,239,132
2018-11-12_145501.jpg,720,576,kalb,384,391,498,504
2019-01-14_000001.jpg,720,576,kalb,519,210,639,302
2018-11-29_043501.jpg,720,576,kalb,390,160,477,241
2019-02-25_002501.jpg,720,576,kalb,324,33,372,71
2019-01-15_222001.jpg,720,576,kalb,375,13,413,91
2019-01-03_051001.jpg,720,576,kalb,387,75,461,130
2019-03-01_125001.jpg,720,576,kalb,68,165,158,221
2019-01-16_034501.jpg,720,576,kalb,242,94,300,152
2018-12-18_074001.jpg,720,576,kalb,308,230,393,331
2018-12-18_033001.jpg,720,576,kalb,125,174,237,269
2019-01-15_194001.jpg,720,576,kalb,136,127,213,182
2018-12-05_070501.jpg,720,576,person,421,457,545,576
2018-11-12_075001.jpg,720,576,kalb,160,322,253,429
2018-12-18_082001.jpg,720,576,kalb,299,63,356,135
2018-12-24_164501.jpg,720,576,kalb,505,156,586,253
2019-01-03_035501.jpg,720,576,kalb,319,77,375,127
2018-12-02_151001.jpg,720,576,kalb,80,141,156,219
2019-01-15_155001.jpg,720,576,kalb,452,110,523,160
2019-01-15_231001.jpg,720,576,kalb,383,60,442,93
2019-06-18_060501.jpg,720,576,kalb,97,219,155,280
2019-06-18_060501.jpg,720,576,kalb,244,474,368,567
2018-11-19_233501.jpg,720,576,kalb,265,70,325,129
2018-11-19_103001.jpg,720,576,kalb,395,65,482,144
2019-01-13_213001.jpg,720,576,kalb,292,41,340,127
2019-01-04_031001.jpg,720,576,kalb,333,16,386,61
2019-07-20_054001.jpg,720,576,kalb,395,331,472,437
2018-12-24_183501.jpg,720,576,kalb,501,142,583,250
2018-12-24_183501.jpg,720,576,kalb,218,219,301,287
2019-05-19_130501.jpg,720,576,kalb,390,56,446,110
2019-01-04_110001.jpg,720,576,kalb,275,346,334,519
2019-01-16_030001.jpg,720,576,kalb,399,67,450,125
2019-01-16_080001.jpg,720,576,kalb,299,126,387,184
2019-01-18_170001.jpg,720,576,kalb,406,95,469,145
2018-11-19_133001.jpg,720,576,kalb,270,92,383,162
2019-01-14_074001.jpg,720,576,kalb,143,103,209,154
2018-11-12_155501.jpg,720,576,kalb,252,179,343,236
2018-11-29_060001.jpg,720,576,kalb,393,168,453,299
2019-01-04_004501.jpg,720,576,kalb,286,13,354,97
2018-12-18_092501.jpg,720,576,kalb,473,274,583,341
2019-01-03_044001.jpg,720,576,kalb,315,44,388,83
2019-01-16_031501.jpg,720,576,kalb,398,70,454,122
2018-11-12_020001.jpg,720,576,kalb,142,157,210,204
2019-01-03_095001.jpg,720,576,kalb,267,364,348,476
2019-01-15_084001.jpg,720,576,kalb,480,306,568,390
2019-01-14_081001.jpg,720,576,kalb,142,103,207,158
2019-01-14_171501.jpg,720,576,kalb,314,165,393,283
2019-01-14_023001.jpg,720,576,kalb,262,72,306,100
2018-12-18_112501.jpg,720,576,person,631,40,717,210
2019-01-16_102001.jpg,720,576,kalb,105,106,199,177
2019-01-13_142501.jpg,720,576,kalb,444,97,528,184
2019-01-14_081501.jpg,720,576,kalb,142,107,210,157
2018-12-03_052501.jpg,720,576,kalb,544,289,630,413
2018-11-24_071001.jpg,720,576,person,476,445,601,576
2019-02-18_115501.jpg,720,576,kalb,335,190,397,238
2019-02-18_115501.jpg,720,576,person,388,136,464,249
2019-07-17_010001.jpg,720,576,kalb,407,309,519,379
2018-11-30_112001.jpg,720,576,person,307,280,421,417
2018-11-30_112001.jpg,720,576,person,153,348,276,472
2018-11-29_083501.jpg,720,576,kalb,401,98,518,151
2018-11-29_083501.jpg,720,576,kalb,376,370,503,457
2018-12-18_031001.jpg,720,576,kalb,426,281,553,361
2019-01-16_015501.jpg,720,576,kalb,348,18,421,80
2018-12-18_064001.jpg,720,576,kalb,303,232,399,331
2018-12-03_060501.jpg,720,576,kalb,433,370,540,470
2019-01-03_023501.jpg,720,576,kalb,390,87,440,144
2018-12-01_004001.jpg,720,576,person,315,349,434,547
2018-12-01_004001.jpg,720,576,person,245,91,374,273
2019-01-15_133001.jpg,720,576,kalb,398,59,454,110
2019-01-15_125001.jpg,720,576,kalb,385,97,436,145
2018-11-19_211501.jpg,720,576,kalb,458,197,562,253
2019-07-12_041001.jpg,720,576,kalb,333,90,417,144
2018-12-24_213501.jpg,720,576,kalb,481,110,592,203
2018-12-24_213501.jpg,720,576,kalb,201,226,284,351
2018-11-12_114001.jpg,720,576,kalb,539,145,583,265
2019-01-04_033001.jpg,720,576,kalb,328,24,387,58
2019-01-15_053001.jpg,720,576,kalb,93,183,146,228
2018-11-19_064001.jpg,720,576,kalb,284,41,381,123
2019-01-04_040501.jpg,720,576,kalb,325,19,398,57
2019-08-16_005501.jpg,720,576,kalb,144,162,189,214
2019-01-03_072501.jpg,720,576,kalb,135,343,231,434
2019-03-24_024501.jpg,720,576,kalb,583,63,635,148
2019-01-15_225501.jpg,720,576,kalb,382,61,449,95
2018-12-02_120501.jpg,720,576,kalb,340,444,459,563
2018-11-12_074501.jpg,720,576,kalb,414,150,519,248
2019-01-14_224001.jpg,720,576,kalb,161,111,222,154
2019-01-18_174001.jpg,720,576,kalb,413,88,469,152
2018-11-12_034001.jpg,720,576,kalb,221,118,331,215
2018-11-19_125001.jpg,720,576,kalb,399,49,498,139
2019-01-04_011001.jpg,720,576,kalb,368,60,436,96
2018-11-12_143501.jpg,720,576,kalb,381,382,503,507
2019-07-12_085001.jpg,720,576,kalb,261,414,350,534
2019-01-15_203001.jpg,720,576,kalb,124,154,187,186
2019-01-04_113001.jpg,720,576,kalb,395,62,435,84
2019-01-14_050501.jpg,720,576,kalb,220,90,295,147
2019-01-03_045501.jpg,720,576,kalb,322,41,388,83
2019-01-03_062001.jpg,720,576,kalb,460,310,593,406
2019-01-16_111002.jpg,720,576,kalb,372,164,473,263
2019-01-16_072501.jpg,720,576,kalb,296,133,377,183
2019-01-14_234001.jpg,720,576,kalb,91,135,134,193
2018-12-02_123001.jpg,720,576,kalb,167,298,263,392
2018-12-02_110001.jpg,720,576,kalb,301,362,404,456
2019-01-16_092001.jpg,720,576,kalb,347,108,419,151
2019-01-14_023501.jpg,720,576,kalb,265,70,315,105
2018-12-02_120001.jpg,720,576,kalb,345,441,458,559
2018-11-12_142001.jpg,720,576,kalb,384,373,512,513
2018-12-18_075501.jpg,720,576,kalb,220,203,318,328
2018-11-19_232501.jpg,720,576,kalb,290,66,365,170
2019-01-16_070001.jpg,720,576,kalb,300,134,382,188
2019-01-15_040001.jpg,720,576,kalb,99,247,130,309
2019-01-14_162501.jpg,720,576,kalb,237,468,362,553
2019-01-15_083001.jpg,720,576,kalb,483,301,567,388
2018-12-24_181501.jpg,720,576,kalb,367,236,439,296
2018-12-24_181501.jpg,720,576,kalb,508,138,558,192
2018-12-18_015001.jpg,720,576,kalb,441,113,506,164
2018-12-02_115501.jpg,720,576,kalb,343,443,473,576
2018-12-09_045501.jpg,720,576,kalb,221,115,289,163
2018-12-09_045501.jpg,720,576,person,264,57,342,190
2019-01-15_002001.jpg,720,576,kalb,171,106,230,135
2019-01-15_131001.jpg,720,576,kalb,370,77,445,155
2018-12-09_070501.jpg,720,576,kalb,482,178,592,295
2019-01-13_221501.jpg,720,576,kalb,112,181,186,222
2019-01-03_071001.jpg,720,576,kalb,137,327,240,431
2018-11-19_103501.jpg,720,576,kalb,91,124,171,197
2019-01-15_001501.jpg,720,576,kalb,143,179,215,270
2019-01-15_001501.jpg,720,576,person,235,31,299,181
2019-01-15_080501.jpg,720,576,kalb,488,301,570,391
2019-02-06_192501.jpg,720,576,kalb,280,169,360,236
2018-11-19_230501.jpg,720,576,kalb,314,50,398,141
2019-01-16_054501.jpg,720,576,kalb,246,95,306,145
2019-01-18_150001.jpg,720,576,kalb,258,71,335,110
2019-01-18_150001.jpg,720,576,person,201,39,251,127
2019-01-14_090001.jpg,720,576,kalb,141,107,212,159
2018-11-29_051501.jpg,720,576,kalb,399,173,481,242
2019-03-22_115501.jpg,720,576,kalb,375,12,404,37
2019-01-16_112001.jpg,720,576,kalb,352,51,446,116
2018-12-23_065501.jpg,720,576,kalb,533,257,637,356
2018-12-09_054001.jpg,720,576,kalb,426,88,493,143
2019-06-29_043501.jpg,720,576,kalb,601,214,686,289
2018-11-19_081501.jpg,720,576,kalb,122,184,212,272
2018-12-23_114501.jpg,720,576,kalb,346,347,483,438
2018-11-19_113501.jpg,720,576,kalb,461,198,544,272
2019-06-30_164501.jpg,720,576,kalb,467,97,529,163
2018-11-12_053001.jpg,720,576,kalb,358,119,440,175
2019-07-14_113001.jpg,720,576,kalb,79,139,165,235
2019-01-15_214501.jpg,720,576,kalb,137,134,217,204
2018-11-12_045001.jpg,720,576,kalb,278,241,390,329
2019-01-14_220501.jpg,720,576,kalb,89,146,133,208
2018-11-19_091001.jpg,720,576,kalb,268,76,345,133
2019-01-13_190501.jpg,720,576,kalb,170,124,260,199
2019-04-11_093501.jpg,720,576,kalb,452,133,544,180
2019-04-11_093501.jpg,720,576,kalb,444,68,503,136
2019-01-16_033501.jpg,720,576,kalb,581,184,677,295
2018-12-23_071001.jpg,720,576,kalb,508,294,596,353
2018-11-19_210501.jpg,720,576,kalb,458,190,568,261
2019-01-13_145001.jpg,720,576,kalb,293,48,329,149
2018-11-29_081501.jpg,720,576,kalb,217,286,328,375
2018-11-29_081501.jpg,720,576,kalb,430,103,541,169
2019-01-15_122501.jpg,720,576,kalb,382,99,465,143
2019-01-04_052501.jpg,720,576,kalb,338,32,409,80
2018-12-23_075001.jpg,720,576,kalb,470,156,568,251
2018-12-03_075001.jpg,720,576,kalb,646,272,714,403
2018-12-02_105501.jpg,720,576,kalb,303,363,412,477
2018-12-02_123501.jpg,720,576,kalb,176,289,279,365
2019-03-03_032501.jpg,720,576,kalb,483,129,549,186
2019-01-04_093001.jpg,720,576,kalb,78,152,176,222
2019-01-13_104001.jpg,720,576,person,189,1,256,114
2019-01-16_113001.jpg,720,576,kalb,466,109,529,177
2018-11-12_074001.jpg,720,576,kalb,245,338,336,457
2019-03-31_114501.jpg,720,576,kalb,454,67,520,156
2019-01-03_053001.jpg,720,576,kalb,444,178,538,265
2018-11-20_053501.jpg,720,576,kalb,306,32,360,133
2018-11-12_102001.jpg,720,576,kalb,209,432,355,520
2019-01-04_073001.jpg,720,576,kalb,320,39,411,83
2018-12-09_075001.jpg,720,576,kalb,647,22,711,107
2018-12-02_185001.jpg,720,576,kalb,131,95,207,169
2019-03-02_152501.jpg,720,576,kalb,190,90,258,164
2018-11-12_105001.jpg,720,576,kalb,216,439,373,520
2019-01-14_220001.jpg,720,576,kalb,92,136,141,208
2019-01-14_175001.jpg,720,576,kalb,584,183,643,260
2019-06-30_202001.jpg,720,576,kalb,243,64,326,104
2019-01-14_011501.jpg,720,576,kalb,260,55,314,96
2019-01-13_121001.jpg,720,576,kalb,252,87,320,117
2019-03-03_121001.jpg,720,576,kalb,368,23,438,66
2018-12-02_184501.jpg,720,576,kalb,440,119,553,185
2018-11-12_052001.jpg,720,576,kalb,363,119,434,178
2018-11-30_101001.jpg,720,576,person,343,256,455,388
2018-12-18_090501.jpg,720,576,kalb,481,276,578,348
2018-12-24_225501.jpg,720,576,kalb,193,227,298,333
2018-12-24_225501.jpg,720,576,kalb,489,117,603,220
2018-12-18_054001.jpg,720,576,kalb,253,206,367,296
2018-12-18_024501.jpg,720,576,kalb,378,136,411,192
2019-01-16_020001.jpg,720,576,kalb,359,25,405,103
2019-03-01_014001.jpg,720,576,kalb,369,260,467,330
2019-03-01_014001.jpg,720,576,person,598,64,670,212
2018-11-19_133501.jpg,720,576,kalb,326,92,421,162
2018-11-19_122001.jpg,720,576,kalb,481,220,559,276
2018-11-19_122001.jpg,720,576,person,425,171,541,274
2018-12-18_094001.jpg,720,576,kalb,475,277,583,347
2019-01-16_012501.jpg,720,576,kalb,330,43,401,88
2018-11-29_085501.jpg,720,576,kalb,185,137,280,202
2018-11-29_085501.jpg,720,576,kalb,399,223,493,310
2018-12-18_093501.jpg,720,576,kalb,471,281,583,347
2019-01-04_083501.jpg,720,576,kalb,335,44,404,86
2019-06-28_143001.jpg,720,576,kalb,198,444,323,567
2019-01-03_075501.jpg,720,576,kalb,150,350,236,438
2019-01-16_061501.jpg,720,576,kalb,241,99,308,169
2018-11-12_031001.jpg,720,576,kalb,156,150,237,212
2019-02-28_170001.jpg,720,576,kalb,375,157,463,223
2018-12-18_073501.jpg,720,576,kalb,309,229,402,335
2019-01-15_095001.jpg,720,576,kalb,331,270,444,361
2018-12-02_115001.jpg,720,576,kalb,370,452,440,576
2018-12-09_043501.jpg,720,576,kalb,241,87,290,148
2019-07-08_045501.jpg,720,576,kalb,158,246,234,370
2019-01-13_102501.jpg,720,576,person,228,200,329,374
2018-12-18_033501.jpg,720,576,kalb,373,90,406,178
2018-11-12_135501.jpg,720,576,kalb,161,225,283,363
2019-01-15_073001.jpg,720,576,kalb,490,301,571,388
2019-07-03_210501.jpg,720,576,kalb,221,450,317,559
2018-11-19_072502.jpg,720,576,kalb,349,103,429,146
2019-02-03_003501.jpg,720,576,kalb,119,116,189,182
2019-06-02_230001.jpg,720,576,kalb,595,249,656,312
2018-11-19_080501.jpg,720,576,kalb,280,47,356,112
2018-11-20_060501.jpg,720,576,kalb,297,49,380,102
2018-12-24_171501.jpg,720,576,kalb,507,153,580,213
2019-01-13_132501.jpg,720,576,kalb,459,188,524,240
2018-11-20_060001.jpg,720,576,kalb,296,46,384,106
2018-12-09_060501.jpg,720,576,kalb,532,170,615,248
2019-01-26_105501.jpg,720,576,kalb,380,324,461,459
2019-01-04_043501.jpg,720,576,kalb,339,36,404,75
2019-01-03_055001.jpg,720,576,kalb,321,144,401,247
2018-11-19_111501.jpg,720,576,kalb,403,151,537,235
2018-11-19_234501.jpg,720,576,kalb,186,111,268,214
2019-03-02_123501.jpg,720,576,kalb,274,390,377,520
2018-12-05_080501.jpg,720,576,person,583,42,705,213
2018-11-12_012501.jpg,720,576,kalb,273,68,352,157
2019-01-16_043002.jpg,720,576,kalb,246,97,304,155
2019-01-14_154001.jpg,720,576,kalb,348,172,407,248
2018-12-24_163001.jpg,720,576,kalb,515,154,583,254
2018-11-29_050001.jpg,720,576,kalb,393,169,472,237
2018-11-29_040501.jpg,720,576,kalb,362,167,449,236
2019-02-25_052501.jpg,720,576,kalb,316,42,392,78
2019-06-28_094501.jpg,720,576,kalb,600,203,684,281
2019-01-15_215501.jpg,720,576,kalb,136,133,203,186
2018-12-18_052001.jpg,720,576,kalb,232,176,314,279
2019-08-05_065001.jpg,720,576,kalb,315,438,395,560
2019-01-13_231001.jpg,720,576,kalb,136,255,267,353
2019-01-15_190501.jpg,720,576,kalb,425,334,518,412
2018-11-19_111001.jpg,720,576,kalb,368,45,437,137
2019-02-06_144001.jpg,720,576,kalb,291,78,332,104
2018-12-03_001501.jpg,720,576,kalb,411,397,558,476
2019-01-16_085501.jpg,720,576,kalb,334,73,421,128
2019-01-16_103501.jpg,720,576,kalb,303,99,421,167
2018-12-23_064501.jpg,720,576,kalb,521,237,639,338
2019-01-14_040002.jpg,720,576,kalb,201,103,253,205
2019-01-15_101001.jpg,720,576,kalb,339,268,462,359
2019-07-01_081001.jpg,720,576,kalb,129,273,204,413
2019-02-18_045501.jpg,720,576,kalb,449,284,545,424
2018-11-12_061001.jpg,720,576,kalb,214,439,303,494
2019-01-03_110501.jpg,720,576,kalb,496,221,604,283
2018-12-19_125001.jpg,720,576,kalb,359,153,409,185
2018-11-19_213501.jpg,720,576,kalb,445,194,559,253
2019-01-16_005501.jpg,720,576,kalb,332,47,391,83
2018-11-29_081001.jpg,720,576,kalb,221,292,329,376
2018-11-29_081001.jpg,720,576,kalb,473,238,585,326
2019-01-16_080501.jpg,720,576,kalb,300,131,385,182
2018-11-12_065501.jpg,720,576,kalb,254,435,320,492
2019-01-15_090001.jpg,720,576,kalb,470,305,571,380
2019-01-04_115501.jpg,720,576,kalb,362,53,424,100
2018-11-12_155001.jpg,720,576,kalb,248,175,374,253
2018-12-09_052501.jpg,720,576,kalb,393,91,480,131
2019-01-15_055001.jpg,720,576,kalb,85,180,142,236
2018-11-29_052001.jpg,720,576,kalb,389,177,476,231
2018-12-02_114501.jpg,720,576,kalb,356,450,429,576
2019-02-07_030001.jpg,720,576,kalb,352,352,468,403
2018-11-29_074001.jpg,720,576,kalb,223,293,335,375
2018-12-18_060001.jpg,720,576,kalb,270,206,369,288
2019-01-16_025501.jpg,720,576,kalb,397,66,450,126
2018-12-18_084501.jpg,720,576,kalb,468,179,581,296
2019-03-01_001001.jpg,720,576,kalb,106,157,157,217
2018-11-19_100501.jpg,720,576,kalb,347,1,416,75
2019-01-13_135501.jpg,720,576,kalb,448,202,525,285
2018-12-23_090501.jpg,720,576,kalb,80,162,133,248
2019-01-03_024001.jpg,720,576,kalb,393,100,442,142
2018-12-09_033001.jpg,720,576,person,125,307,278,407
2018-12-02_230501.jpg,720,576,kalb,588,231,689,323
2019-01-03_053501.jpg,720,576,kalb,531,174,628,249
2019-01-16_104501.jpg,720,576,kalb,234,73,307,121
2019-01-15_192501.jpg,720,576,kalb,365,240,469,328
2018-11-12_112001.jpg,720,576,kalb,139,261,291,409
2019-01-14_214501.jpg,720,576,kalb,254,327,340,460
2018-12-24_191001.jpg,720,576,kalb,188,235,290,357
2018-12-24_191001.jpg,720,576,kalb,513,144,609,223
2018-12-18_023001.jpg,720,576,kalb,337,131,408,198
2019-01-16_092501.jpg,720,576,kalb,334,106,422,151
2018-12-19_113501.jpg,720,576,kalb,412,75,483,147
2019-02-16_050001.jpg,720,576,kalb,265,112,322,168
2019-05-20_033501.jpg,720,576,kalb,590,228,671,295
2018-12-24_193001.jpg,720,576,kalb,512,135,595,202
2018-12-24_193001.jpg,720,576,kalb,202,232,287,335
2019-06-08_020501.jpg,720,576,kalb,244,87,330,136
2018-11-19_211001.jpg,720,576,kalb,455,187,557,259
2018-12-09_052001.jpg,720,576,kalb,404,82,466,126
2018-11-12_010501.jpg,720,576,kalb,298,85,411,162
2019-02-03_175001.jpg,720,576,kalb,306,63,373,102
2019-01-15_062501.jpg,720,576,kalb,370,33,424,75
2019-01-15_062501.jpg,720,576,person,348,1,402,94
2018-12-18_035501.jpg,720,576,kalb,599,186,686,276
2018-11-12_084001.jpg,720,576,kalb,186,342,266,436
2018-11-29_061501.jpg,720,576,kalb,225,297,344,367
2019-07-02_081001.jpg,720,576,kalb,562,128,671,250
2018-11-29_084001.jpg,720,576,kalb,183,135,280,194
2018-11-29_084001.jpg,720,576,kalb,408,221,496,306
2019-01-15_043501.jpg,720,576,kalb,117,209,204,260
2018-11-19_212001.jpg,720,576,kalb,452,193,561,256
2018-11-19_230001.jpg,720,576,kalb,367,42,427,122
2019-01-03_073001.jpg,720,576,kalb,132,336,229,434
2019-01-18_151501.jpg,720,576,kalb,369,64,404,101
2019-04-01_045501.jpg,720,576,kalb,492,106,550,199
2019-04-01_045501.jpg,720,576,person,528,50,600,212
2018-12-18_005001.jpg,720,576,kalb,433,6,480,78
2018-12-18_005001.jpg,720,576,person,364,3,438,109
2019-01-04_032001.jpg,720,576,kalb,337,23,380,62
2019-03-31_074001.jpg,720,576,kalb,203,319,358,452
2019-01-14_072501.jpg,720,576,kalb,375,389,511,493
2019-03-04_103001.jpg,720,576,kalb,217,83,281,123
2019-07-01_054501.jpg,720,576,kalb,73,182,128,257
2019-01-04_101001.jpg,720,576,kalb,109,132,161,201
2018-12-02_133501.jpg,720,576,kalb,225,158,287,262
2018-12-23_074001.jpg,720,576,kalb,264,63,338,175
2018-11-29_034001.jpg,720,576,kalb,343,163,442,220
2018-11-19_203501.jpg,720,576,kalb,451,194,562,257
2019-01-03_085001.jpg,720,576,kalb,342,25,411,96
2018-11-19_104501.jpg,720,576,kalb,299,23,359,104
2019-01-11_113501.jpg,720,576,person,237,1,297,114
2019-01-11_113501.jpg,720,576,person,522,47,611,191
2019-05-21_110001.jpg,720,576,kalb,130,299,242,349
2019-03-01_143501.jpg,720,576,kalb,340,101,380,185
2018-12-23_113002.jpg,720,576,kalb,346,114,412,216
2018-12-23_113002.jpg,720,576,person,441,58,499,249
2018-11-29_034501.jpg,720,576,kalb,337,171,451,220
2019-06-26_074001.jpg,720,576,kalb,123,122,199,160
2018-12-19_110501.jpg,720,576,kalb,494,163,581,219
2019-01-14_154501.jpg,720,576,kalb,521,200,592,262
2019-01-15_080001.jpg,720,576,kalb,485,300,572,388
2018-12-09_064501.jpg,720,576,kalb,259,44,353,134
2019-01-14_004001.jpg,720,576,kalb,392,73,469,158
2019-05-30_093001.jpg,720,576,kalb,323,73,368,141
2018-12-23_110501.jpg,720,576,kalb,162,338,255,442
2018-11-19_094001.jpg,720,576,kalb,192,129,239,217
2018-11-12_040001.jpg,720,576,kalb,245,380,324,477
2019-01-03_032001.jpg,720,576,kalb,407,85,452,150
2019-01-04_102001.jpg,720,576,kalb,422,99,526,172
2019-01-04_102001.jpg,720,576,person,151,19,223,133
2019-01-04_102001.jpg,720,576,person,78,58,145,158
2018-11-29_060501.jpg,720,576,kalb,293,216,406,345
2019-07-08_055001.jpg,720,576,kalb,226,239,316,301
2019-07-08_055001.jpg,720,576,kalb,206,194,298,254
2019-01-16_081001.jpg,720,576,kalb,304,130,385,181
2019-01-04_072501.jpg,720,576,kalb,326,44,409,86
2019-01-15_022501.jpg,720,576,kalb,84,143,160,227
2018-12-19_110001.jpg,720,576,kalb,527,142,601,231
2019-01-14_181501.jpg,720,576,kalb,155,77,231,150
2019-01-14_181501.jpg,720,576,person,224,1,279,133
2018-11-12_103501.jpg,720,576,kalb,220,438,356,519
2018-12-02_114001.jpg,720,576,kalb,290,375,386,485
2019-01-13_124001.jpg,720,576,kalb,466,168,513,214
2019-01-14_222501.jpg,720,576,kalb,163,113,229,156
2019-01-14_031001.jpg,720,576,kalb,256,52,323,99
2018-11-19_065001.jpg,720,576,kalb,339,54,405,143
2018-12-23_132001.jpg,720,576,kalb,116,275,227,379
2018-12-09_055501.jpg,720,576,kalb,541,169,623,233
2018-11-19_114001.jpg,720,576,kalb,470,196,545,268
2019-01-14_232001.jpg,720,576,kalb,165,115,226,154
2019-01-03_060501.jpg,720,576,kalb,143,109,170,185
2019-01-15_114501.jpg,720,576,kalb,350,182,408,297
2018-11-19_085001.jpg,720,576,kalb,265,75,348,126
2018-12-24_165501.jpg,720,576,kalb,530,191,597,254
2018-11-12_152001.jpg,720,576,kalb,376,401,489,493
2018-12-09_042501.jpg,720,576,kalb,222,29,264,72
2019-01-13_225001.jpg,720,576,kalb,115,178,190,225
2019-01-04_010501.jpg,720,576,kalb,365,52,438,95
2018-12-18_113501.jpg,720,576,person,626,14,671,132
2018-12-18_113501.jpg,720,576,person,680,12,720,128
2018-11-19_123501.jpg,720,576,kalb,295,68,412,157
2019-01-14_025501.jpg,720,576,kalb,259,60,314,97
2019-01-14_225501.jpg,720,576,kalb,165,113,228,153
2019-01-17_095001.jpg,720,576,kalb,86,197,144,254
2019-01-03_065501.jpg,720,576,kalb,148,335,239,430
2019-05-06_113501.jpg,720,576,kalb,460,99,509,177
2018-11-19_215001.jpg,720,576,kalb,457,198,559,259
2018-11-30_083001.jpg,720,576,person,284,222,399,369
2018-11-30_083001.jpg,720,576,person,382,254,562,490
2018-11-12_025501.jpg,720,576,kalb,124,125,226,200
2019-01-04_005501.jpg,720,576,kalb,367,61,440,95
2018-11-29_042001.jpg,720,576,kalb,358,159,443,228
2018-11-19_205501.jpg,720,576,kalb,451,193,559,257
2019-01-14_062001.jpg,720,576,kalb,211,101,314,141
2019-01-16_022501.jpg,720,576,kalb,398,69,453,123
2019-02-03_115501.jpg,720,576,kalb,200,145,290,234
2018-12-19_113001.jpg,720,576,kalb,417,88,482,152
2019-04-01_083001.jpg,720,576,kalb,513,126,580,247
2018-12-18_043001.jpg,720,576,kalb,482,275,536,342
2019-06-26_035501.jpg,720,576,kalb,120,123,189,184
2019-05-06_112501.jpg,720,576,kalb,450,105,512,183
2018-11-29_101001.jpg,720,576,kalb,286,162,379,250
2018-11-29_101001.jpg,720,576,kalb,208,384,337,501
2018-11-12_042501.jpg,720,576,kalb,241,376,321,474
2019-04-29_101001.jpg,720,576,kalb,372,120,438,197
2019-04-29_101001.jpg,720,576,person,476,434,624,576
2018-11-29_092001.jpg,720,576,kalb,178,232,275,357
2018-11-29_092001.jpg,720,576,kalb,161,310,272,437
2019-01-15_222501.jpg,720,576,kalb,380,51,451,97
2019-01-15_210501.jpg,720,576,kalb,148,129,217,187
2018-12-09_045001.jpg,720,576,kalb,228,97,317,147
2019-01-13_123001.jpg,720,576,kalb,409,107,455,150
2019-04-29_232001.jpg,720,576,kalb,86,164,127,228
2019-01-15_191001.jpg,720,576,kalb,417,331,523,402
2019-01-14_082501.jpg,720,576,kalb,141,100,208,158
2019-01-15_140001.jpg,720,576,kalb,399,55,463,115
2018-11-12_090501.jpg,720,576,kalb,178,347,272,447
2019-04-11_025001.jpg,720,576,kalb,484,133,544,182
2019-04-11_025001.jpg,720,576,kalb,176,395,282,486
2019-01-15_112501.jpg,720,576,kalb,344,26,380,80
2019-01-15_112501.jpg,720,576,person,300,1,351,91
2018-12-19_103501.jpg,720,576,kalb,513,181,612,226
2018-12-24_175501.jpg,720,576,kalb,523,145,607,234
2019-01-15_122001.jpg,720,576,kalb,384,103,470,142
2019-01-04_092001.jpg,720,576,kalb,86,122,184,208
2018-11-12_160501.jpg,720,576,kalb,257,174,377,240
2019-01-16_033001.jpg,720,576,kalb,394,42,459,129
2018-11-19_073001.jpg,720,576,kalb,346,105,430,148
2018-12-09_053501.jpg,720,576,kalb,390,85,462,138
2018-12-03_075501.jpg,720,576,kalb,643,333,717,481
2018-12-02_190501.jpg,720,576,kalb,501,135,593,212
2018-11-12_045501.jpg,720,576,kalb,270,241,387,328
2018-11-29_064501.jpg,720,576,kalb,206,266,321,370
2019-03-21_013501.jpg,720,576,kalb,357,15,435,81
2018-11-19_130001.jpg,720,576,kalb,361,31,427,132
2019-01-04_100001.jpg,720,576,kalb,106,127,168,196
2019-01-13_101501.jpg,720,576,person,225,78,330,263
2019-03-07_023001.jpg,720,576,kalb,208,368,320,504
2019-01-13_231501.jpg,720,576,kalb,134,216,230,314
2018-11-12_013501.jpg,720,576,kalb,332,50,384,142
2018-12-23_070001.jpg,720,576,kalb,518,262,616,364
2018-12-18_083001.jpg,720,576,kalb,290,70,358,132
2018-12-18_010501.jpg,720,576,kalb,444,103,499,154
2019-01-16_064501.jpg,720,576,kalb,236,86,313,176
2018-11-19_071501.jpg,720,576,kalb,334,99,438,142
2018-11-12_080001.jpg,720,576,kalb,193,336,273,439
2019-01-15_043001.jpg,720,576,kalb,120,210,195,250
2019-01-14_071001.jpg,720,576,kalb,347,178,456,279
2018-11-29_095501.jpg,720,576,kalb,289,159,362,250
2018-11-29_095501.jpg,720,576,kalb,146,74,203,149
2019-01-03_024501.jpg,720,576,kalb,399,96,453,147
2019-07-12_025501.jpg,720,576,kalb,270,82,351,170
2019-04-30_101001.jpg,720,576,person,522,177,645,346
2019-04-30_101001.jpg,720,576,person,439,54,526,151
2019-04-30_101001.jpg,720,576,person,411,113,519,303
2019-04-10_224501.jpg,720,576,kalb,247,113,317,151
2019-01-15_152001.jpg,720,576,kalb,385,95,426,193
2019-01-15_053501.jpg,720,576,kalb,90,180,143,234
2019-01-16_090501.jpg,720,576,kalb,340,103,421,149
2018-11-29_104001.jpg,720,576,kalb,378,185,471,270
2018-11-19_100001.jpg,720,576,kalb,373,43,414,132
2018-12-09_041501.jpg,720,576,person,227,39,337,194
2018-11-12_083001.jpg,720,576,kalb,189,340,267,432
2018-11-12_052501.jpg,720,576,kalb,359,120,448,192
2019-01-25_110501.jpg,720,576,kalb,465,95,526,172
2018-12-18_055001.jpg,720,576,kalb,263,214,369,282
2019-01-13_142001.jpg,720,576,kalb,146,239,206,353
2019-01-16_021001.jpg,720,576,kalb,406,70,451,119
2019-02-02_011001.jpg,720,576,kalb,658,217,705,276
2019-01-15_045001.jpg,720,576,kalb,169,121,251,208
2019-01-16_083001.jpg,720,576,kalb,301,132,385,180
2019-01-14_174501.jpg,720,576,kalb,275,145,365,236
2018-11-12_072501.jpg,720,576,kalb,202,345,291,526
2019-01-15_100001.jpg,720,576,kalb,335,270,461,366
2019-01-15_084501.jpg,720,576,kalb,483,298,563,386
2018-12-02_124001.jpg,720,576,kalb,173,281,291,372
2019-01-14_180501.jpg,720,576,kalb,109,87,179,143
2019-02-28_165501.jpg,720,576,kalb,368,165,454,230
2018-11-12_032001.jpg,720,576,kalb,155,147,234,203
2019-01-15_112001.jpg,720,576,kalb,357,272,446,357
2019-01-16_071001.jpg,720,576,kalb,303,135,380,189
2018-11-12_143001.jpg,720,576,kalb,381,382,502,510
2018-12-02_152501.jpg,720,576,kalb,411,319,502,457
2018-12-23_080501.jpg,720,576,kalb,217,431,307,576
2019-01-15_093001.jpg,720,576,kalb,350,275,446,356
2019-03-31_030501.jpg,720,576,kalb,143,201,227,280
2019-01-13_211501.jpg,720,576,kalb,184,72,250,144
2019-01-16_042001.jpg,720,576,kalb,249,96,303,150
2019-01-16_102501.jpg,720,576,kalb,139,81,207,181
2018-11-12_050501.jpg,720,576,kalb,258,94,317,191
2018-11-12_050501.jpg,720,576,person,590,264,690,464
2018-11-12_050501.jpg,720,576,person,267,115,340,232
2018-11-29_112501.jpg,720,576,kalb,224,387,310,479
2018-11-29_112501.jpg,720,576,kalb,386,92,440,204
2019-01-04_093501.jpg,720,576,kalb,110,124,178,196
2019-07-02_220001.jpg,720,576,kalb,485,368,569,432
2018-11-19_092001.jpg,720,576,kalb,254,77,344,128
2019-01-15_023001.jpg,720,576,kalb,104,235,163,324
2019-01-04_050501.jpg,720,576,kalb,337,38,411,75
2019-01-15_094501.jpg,720,576,kalb,339,272,446,364
2019-01-15_163501.jpg,720,576,kalb,450,106,519,160
2018-11-12_030001.jpg,720,576,kalb,149,149,248,201
2019-07-21_030001.jpg,720,576,kalb,147,247,241,300
2019-01-13_104501.jpg,720,576,person,169,44,256,218
2019-01-13_104501.jpg,720,576,person,317,1,377,124
2018-11-20_002501.jpg,720,576,kalb,207,192,308,267
2018-12-18_030001.jpg,720,576,kalb,426,287,549,364
2018-11-30_100001.jpg,720,576,person,100,86,252,207
2019-07-13_144501.jpg,720,576,kalb,237,129,326,197
2019-07-13_144501.jpg,720,576,person,232,66,310,156
2018-11-12_033501.jpg,720,576,kalb,213,112,336,206
2019-01-16_004501.jpg,720,576,kalb,328,43,398,90
2019-01-14_042001.jpg,720,576,kalb,219,87,299,152
2019-08-16_044501.jpg,720,576,kalb,493,167,569,236
2018-12-03_053501.jpg,720,576,kalb,551,250,625,381
2019-01-14_032501.jpg,720,576,kalb,107,196,184,252
2019-02-07_041001.jpg,720,576,kalb,440,356,556,426
2018-12-23_130501.jpg,720,576,kalb,186,69,281,129
2019-01-13_214001.jpg,720,576,kalb,105,183,190,230
2019-08-25_234501.jpg,720,576,kalb,277,378,356,457
2018-11-12_154501.jpg,720,576,kalb,122,192,243,286
2018-11-19_093001.jpg,720,576,kalb,265,77,342,126
2019-01-10_105001.jpg,720,576,person,588,28,658,191
2019-01-03_022501.jpg,720,576,kalb,386,82,448,146
2019-01-18_201001.jpg,720,576,kalb,271,83,343,131
2019-01-13_144001.jpg,720,576,kalb,504,130,562,194
2019-01-15_132501.jpg,720,576,kalb,352,59,431,126
2019-01-15_140501.jpg,720,576,kalb,402,57,463,116
2019-01-03_070001.jpg,720,576,kalb,143,335,237,436
2019-02-23_205001.jpg,720,576,kalb,156,93,194,155
2018-12-03_054001.jpg,720,576,kalb,412,372,544,495
2018-12-24_163502.jpg,720,576,kalb,510,157,583,254
2019-01-15_233501.jpg,720,576,kalb,129,86,219,161
2019-01-04_064001.jpg,720,576,kalb,328,41,409,85
2018-12-25_000001.jpg,720,576,kalb,589,353,698,459
2018-12-25_000001.jpg,720,576,kalb,452,460,618,556
2019-01-14_043001.jpg,720,576,kalb,219,96,298,145
2018-11-12_100001.jpg,720,576,kalb,211,420,337,519
2018-12-24_184001.jpg,720,576,kalb,215,224,289,314
2018-12-24_184001.jpg,720,576,kalb,509,130,598,218
2018-11-19_135501.jpg,720,576,kalb,333,99,414,162
2018-11-19_093501.jpg,720,576,kalb,185,204,249,308
2019-01-14_172501.jpg,720,576,kalb,271,215,327,333
2019-01-13_215501.jpg,720,576,kalb,107,178,157,227
2018-11-29_035001.jpg,720,576,kalb,343,164,451,215
2019-01-04_084501.jpg,720,576,kalb,331,43,403,86
2018-12-19_104501.jpg,720,576,kalb,515,176,611,222
2018-11-12_133501.jpg,720,576,kalb,560,225,628,328
2019-01-15_063001.jpg,720,576,kalb,340,101,433,173
2019-01-15_063001.jpg,720,576,person,417,75,492,202
2018-12-02_204501.jpg,720,576,kalb,527,154,573,197
2018-12-02_153001.jpg,720,576,kalb,356,328,459,460
2019-01-14_200001.jpg,720,576,kalb,78,174,114,221
2019-01-03_063001.jpg,720,576,kalb,191,388,278,532
2018-11-19_223001.jpg,720,576,kalb,156,145,235,182
2019-01-16_023001.jpg,720,576,kalb,394,68,451,125
2018-11-12_133001.jpg,720,576,kalb,564,239,630,327
2019-01-14_080001.jpg,720,576,kalb,144,102,204,149
2019-01-15_232001.jpg,720,576,kalb,148,263,235,372
2018-12-02_113501.jpg,720,576,kalb,292,368,394,476
2019-01-04_070501.jpg,720,576,kalb,339,38,405,85
2018-12-09_072501.jpg,720,576,kalb,649,56,689,153
2018-11-20_003501.jpg,720,576,kalb,199,195,317,272
2019-04-30_093001.jpg,720,576,kalb,263,470,399,552
2018-11-19_212501.jpg,720,576,kalb,441,192,577,261
2018-11-12_010001.jpg,720,576,kalb,74,160,175,255
2019-04-29_194501.jpg,720,576,kalb,471,95,533,187
2018-11-29_104501.jpg,720,576,kalb,373,176,459,285
2018-11-29_104501.jpg,720,576,kalb,561,223,626,345
2019-07-15_000001.jpg,720,576,kalb,440,375,564,445
2019-01-15_041501.jpg,720,576,kalb,123,210,186,263
2019-01-15_213501.jpg,720,576,kalb,139,132,217,202
2019-06-30_125001.jpg,720,576,kalb,492,119,582,195
2018-11-12_051501.jpg,720,576,kalb,399,68,466,171
2018-12-19_122001.jpg,720,576,kalb,346,138,430,208
2019-03-18_003501.jpg,720,576,kalb,507,131,572,189
2018-11-29_024501.jpg,720,576,kalb,245,284,351,359
2019-07-19_051501.jpg,720,576,kalb,458,333,557,416
2018-11-12_054001.jpg,720,576,kalb,403,147,437,210
2018-11-12_021001.jpg,720,576,kalb,140,153,207,204
2018-12-18_020501.jpg,720,576,kalb,321,60,414,156
2019-01-14_160501.jpg,720,576,kalb,222,483,321,576
2019-08-15_104001.jpg,720,576,kalb,188,301,293,361
2018-11-19_090001.jpg,720,576,kalb,270,78,346,135
2019-06-25_220001.jpg,720,576,kalb,238,66,300,108
2018-11-12_005501.jpg,720,576,kalb,353,39,430,116
2019-01-14_030001.jpg,720,576,kalb,257,61,323,94
2019-01-04_082501.jpg,720,576,kalb,340,45,405,91
2019-01-15_074001.jpg,720,576,kalb,486,301,564,387
2019-06-01_235501.jpg,720,576,kalb,413,297,510,431
2018-11-20_001501.jpg,720,576,kalb,211,197,291,266
2019-01-14_035501.jpg,720,576,kalb,107,196,185,247
2018-12-18_024001.jpg,720,576,kalb,317,101,412,158
2019-01-14_044001.jpg,720,576,kalb,225,94,298,148
2018-11-12_093001.jpg,720,576,kalb,173,344,284,448
2018-11-19_204001.jpg,720,576,kalb,458,196,558,260
2018-11-12_091001.jpg,720,576,kalb,182,345,271,440
2019-01-14_055501.jpg,720,576,kalb,211,90,311,149
2019-01-15_045501.jpg,720,576,kalb,370,383,440,512
2019-01-03_041001.jpg,720,576,kalb,324,23,367,80
2019-01-14_235002.jpg,720,576,kalb,84,147,120,192
2019-03-07_035001.jpg,720,576,kalb,249,413,321,545
2019-01-14_152001.jpg,720,576,kalb,492,125,536,183
2019-01-11_014501.jpg,720,576,person,531,132,649,284
2018-11-12_080501.jpg,720,576,kalb,185,342,268,438
2019-01-13_234501.jpg,720,576,kalb,214,58,293,103
2018-11-19_071001.jpg,720,576,kalb,375,57,453,142
2019-07-16_063501.jpg,720,576,kalb,204,384,305,469
2018-12-23_123001.jpg,720,576,kalb,167,339,277,450
2019-01-13_140001.jpg,720,576,kalb,206,75,294,144
2019-01-16_020501.jpg,720,576,kalb,400,65,446,118
2019-01-16_010501.jpg,720,576,kalb,330,43,392,88
2018-12-23_092501.jpg,720,576,kalb,85,162,134,249
2018-11-29_030001.jpg,720,576,kalb,255,177,362,267
2018-12-18_062001.jpg,720,576,kalb,298,234,392,328
2019-01-16_045001.jpg,720,576,kalb,243,97,305,174
2018-11-12_095001.jpg,720,576,kalb,170,342,302,451
2019-03-07_062501.jpg,720,576,kalb,303,356,391,517
2018-12-18_061501.jpg,720,576,kalb,300,237,404,334
2019-01-13_211001.jpg,720,576,kalb,319,235,453,303
2018-12-09_051001.jpg,720,576,kalb,365,72,442,113
2018-11-12_070501.jpg,720,576,kalb,262,441,315,479
2018-11-19_082501.jpg,720,576,kalb,174,409,307,497
2018-12-23_115501.jpg,720,576,kalb,199,300,332,448
2019-01-16_065001.jpg,720,576,kalb,301,128,375,184
2018-12-18_085501.jpg,720,576,kalb,468,266,580,337
2019-02-28_174501.jpg,720,576,kalb,352,142,416,209
2018-12-03_053001.jpg,720,576,kalb,251,363,384,467
2018-11-19_095501.jpg,720,576,kalb,324,270,455,362
2018-12-23_124001.jpg,720,576,kalb,186,138,244,200
2018-11-12_064501.jpg,720,576,kalb,222,419,328,543
2019-01-13_224501.jpg,720,576,kalb,118,179,192,230
2019-01-14_004501.jpg,720,576,kalb,268,146,368,228
2019-01-15_200501.jpg,720,576,kalb,145,130,216,179
2019-05-03_084501.jpg,720,576,kalb,241,392,333,531
2019-01-15_102001.jpg,720,576,kalb,340,267,458,367
2019-01-03_095501.jpg,720,576,kalb,272,367,349,477
2019-01-13_103001.jpg,720,576,person,428,73,520,244
2019-07-06_110001.jpg,720,576,kalb,323,83,422,132
2018-11-29_075001.jpg,720,576,kalb,223,298,339,381
2018-11-29_075001.jpg,720,576,kalb,443,184,490,257
2019-01-04_095001.jpg,720,576,kalb,108,129,167,198
2019-01-14_215501.jpg,720,576,kalb,86,149,129,205
2018-12-02_102501.jpg,720,576,person,384,178,500,298
2018-12-02_102501.jpg,720,576,person,364,241,478,380
2018-12-24_170501.jpg,720,576,kalb,513,157,568,203
2019-01-15_015501.jpg,720,576,kalb,146,114,214,166
2019-01-14_042501.jpg,720,576,kalb,216,91,299,152
2019-03-07_021001.jpg,720,576,kalb,310,39,408,109
2019-03-18_034501.jpg,720,576,kalb,409,66,479,123
2018-11-20_114501.jpg,720,576,person,401,129,492,338
2018-11-12_100501.jpg,720,576,kalb,217,425,338,513
2019-01-14_182501.jpg,720,576,kalb,83,154,125,223
2018-11-19_095001.jpg,720,576,kalb,178,150,246,213
2018-11-12_070001.jpg,720,576,kalb,264,439,329,480
2018-12-18_013001.jpg,720,576,kalb,477,136,565,179
2018-11-30_083501.jpg,720,576,person,336,242,461,397
2019-01-13_133501.jpg,720,576,kalb,454,188,525,244
2019-06-07_235001.jpg,720,576,kalb,329,30,388,75
2019-01-13_141501.jpg,720,576,kalb,204,236,332,313
2019-01-16_235502.jpg,720,576,kalb,403,166,510,264
2018-11-29_091501.jpg,720,576,kalb,299,445,426,535
2018-11-29_091501.jpg,720,576,kalb,187,187,242,326
2018-11-12_154001.jpg,720,576,kalb,143,299,229,401
2019-01-14_085001.jpg,720,576,kalb,144,102,212,156
2019-01-04_082001.jpg,720,576,kalb,339,43,404,87
2018-11-12_035001.jpg,720,576,kalb,240,391,328,499
2019-01-16_035001.jpg,720,576,kalb,241,95,309,150
2018-12-05_075502.jpg,720,576,person,39,76,158,209
2018-12-23_095001.jpg,720,576,kalb,86,140,162,223
2018-11-29_040001.jpg,720,576,kalb,327,175,456,234
2019-01-16_063501.jpg,720,576,kalb,244,95,306,147
2018-12-03_022001.jpg,720,576,kalb,319,45,359,84
2019-01-16_054001.jpg,720,576,kalb,246,97,308,145
2019-01-14_074501.jpg,720,576,kalb,143,105,208,153
2019-07-13_141501.jpg,720,576,kalb,200,158,258,199
2019-01-09_102001.jpg,720,576,person,262,48,357,212
2018-11-20_002001.jpg,720,576,kalb,221,190,283,267
2019-01-14_070502.jpg,720,576,kalb,177,93,273,177
2019-01-14_083001.jpg,720,576,kalb,142,102,211,158
2018-12-09_050501.jpg,720,576,kalb,301,87,384,121
2019-01-14_071501.jpg,720,576,kalb,585,186,686,273
2019-01-15_062001.jpg,720,576,kalb,91,178,142,235
2019-01-13_143501.jpg,720,576,kalb,511,200,601,294
2019-01-13_191001.jpg,720,576,kalb,164,176,265,260
2018-12-02_230002.jpg,720,576,kalb,268,247,393,360
2019-01-15_183501.jpg,720,576,kalb,418,333,519,407
2018-11-19_104001.jpg,720,576,kalb,331,79,429,159
2019-02-09_091001.jpg,720,576,kalb,89,128,158,202
2018-11-19_134001.jpg,720,576,kalb,339,101,422,159
2019-01-15_123001.jpg,720,576,kalb,386,102,465,144
2019-01-16_082001.jpg,720,576,kalb,302,130,383,185
2019-01-15_160001.jpg,720,576,kalb,452,104,519,165
2018-12-02_160001.jpg,720,576,kalb,424,288,545,406
2018-11-29_101501.jpg,720,576,kalb,251,467,367,576
2018-11-29_101501.jpg,720,576,kalb,290,165,374,245
2019-01-15_011501.jpg,720,576,kalb,138,134,170,170
2019-01-04_015001.jpg,720,576,kalb,368,26,405,55
2019-07-03_171001.jpg,720,576,kalb,324,419,451,549
2018-12-23_094501.jpg,720,576,kalb,571,200,663,328
2018-11-20_010501.jpg,720,576,kalb,194,193,303,274
2019-01-04_055001.jpg,720,576,kalb,330,32,404,80
2018-11-19_105001.jpg,720,576,kalb,348,91,428,200
2018-11-19_120001.jpg,720,576,kalb,469,197,548,271
2018-11-19_134501.jpg,720,576,kalb,321,98,418,167
2019-07-18_213501.jpg,720,576,kalb,335,383,417,482
2018-11-12_020501.jpg,720,576,kalb,137,153,198,206
2018-11-29_041001.jpg,720,576,kalb,364,170,442,245
2018-12-23_073001.jpg,720,576,kalb,344,3,429,83
2018-11-12_041501.jpg,720,576,kalb,228,378,328,476
2019-01-04_095501.jpg,720,576,kalb,109,127,179,200
2019-01-13_141001.jpg,720,576,kalb,487,272,541,375
2019-01-16_101001.jpg,720,576,kalb,196,104,275,150
2019-01-04_090001.jpg,720,576,kalb,337,41,414,89
2018-12-18_021501.jpg,720,576,kalb,346,123,422,201
2019-07-01_110001.jpg,720,576,kalb,155,295,275,447
2019-02-28_200001.jpg,720,576,kalb,280,184,325,267
2018-12-18_053501.jpg,720,576,kalb,261,211,371,282
2018-12-18_055501.jpg,720,576,kalb,259,211,370,296
2019-06-30_044501.jpg,720,576,kalb,63,123,134,179
2018-11-12_051001.jpg,720,576,kalb,381,60,455,120
2018-11-12_051001.jpg,720,576,person,378,22,445,121
2019-01-15_081501.jpg,720,576,kalb,477,308,570,388
2018-12-09_062001.jpg,720,576,kalb,363,145,449,256
2019-01-15_233001.jpg,720,576,kalb,326,13,392,79
2019-01-13_124501.jpg,720,576,kalb,468,149,522,215
2018-12-19_133501.jpg,720,576,kalb,365,151,455,217
2019-07-14_025001.jpg,720,576,kalb,420,331,523,441
2019-01-03_105501.jpg,720,576,kalb,506,222,599,282
2019-01-14_060001.jpg,720,576,kalb,218,89,304,147
2019-01-14_210501.jpg,720,576,kalb,75,161,126,224
2019-06-07_144501.jpg,720,576,kalb,419,152,468,188
2018-11-29_050501.jpg,720,576,kalb,393,178,479,239
2018-11-29_084501.jpg,720,576,kalb,407,214,492,298
2018-11-29_084501.jpg,720,576,kalb,187,138,284,200
2018-11-19_222001.jpg,720,576,kalb,374,73,441,178
2018-12-24_164001.jpg,720,576,kalb,506,160,583,261
2018-11-19_135001.jpg,720,576,kalb,326,101,417,159
2018-11-19_063501.jpg,720,576,kalb,317,75,387,117
2019-01-13_123501.jpg,720,576,kalb,407,103,472,153
2018-11-12_081501.jpg,720,576,kalb,188,335,270,436
2019-01-15_124001.jpg,720,576,kalb,384,100,472,142
2019-01-15_070501.jpg,720,576,person,446,42,524,179
2019-09-08_212001.jpg,720,576,kalb,419,97,474,162
2019-01-15_153001.jpg,720,576,kalb,452,108,520,161
2019-01-16_095501.jpg,720,576,kalb,285,215,397,325
2019-05-21_115501.jpg,720,576,kalb,359,126,445,195
2019-03-22_014501.jpg,720,576,kalb,354,1,411,66
2019-03-22_014501.jpg,720,576,person,639,63,706,200
2018-11-29_113501.jpg,720,576,kalb,388,177,482,263
2018-11-29_113501.jpg,720,576,kalb,214,397,301,492
2018-11-12_082001.jpg,720,576,kalb,181,347,276,428
2018-12-18_090001.jpg,720,576,kalb,471,274,591,350
2019-01-16_001001.jpg,720,576,kalb,195,86,269,131
2019-01-03_061001.jpg,720,576,kalb,82,185,166,266
2019-01-14_155501.jpg,720,576,kalb,474,285,541,397
2018-12-23_083501.jpg,720,576,kalb,432,342,569,439
2019-01-14_165001.jpg,720,576,kalb,224,427,342,557
2018-11-29_073001.jpg,720,576,kalb,218,276,320,370
2018-11-29_073001.jpg,720,576,kalb,342,37,428,95
2019-01-15_003001.jpg,720,576,kalb,279,197,379,272
2019-01-15_003001.jpg,720,576,person,232,97,296,162
2018-12-18_080001.jpg,720,576,kalb,304,51,358,162
2019-01-15_092001.jpg,720,576,kalb,358,276,452,350
2019-02-28_220001.jpg,720,576,kalb,132,141,230,206
2018-12-09_072001.jpg,720,576,kalb,433,200,551,301
2019-01-15_115501.jpg,720,576,kalb,365,127,453,180
2019-01-18_224001.jpg,720,576,kalb,344,26,405,90
2019-01-14_053001.jpg,720,576,kalb,215,92,296,147
2018-12-18_093001.jpg,720,576,kalb,469,280,593,350
2019-01-14_003501.jpg,720,576,person,296,49,364,130
2018-12-18_063501.jpg,720,576,kalb,302,230,395,323
2018-12-23_091001.jpg,720,576,kalb,81,169,134,247
2018-11-29_023501.jpg,720,576,kalb,281,432,401,551
2019-01-04_115001.jpg,720,576,kalb,356,60,429,88
2019-07-17_022502.jpg,720,576,kalb,222,75,290,121
2019-01-03_081001.jpg,720,576,kalb,151,344,232,438
2018-12-23_072501.jpg,720,576,kalb,450,77,528,145
2019-01-13_114001.jpg,720,576,kalb,270,57,318,97
2018-11-20_061501.jpg,720,576,kalb,300,51,383,101
2018-11-12_071001.jpg,720,576,kalb,258,439,316,484
2018-11-29_090501.jpg,720,576,person,156,119,299,233
2018-11-29_090501.jpg,720,576,kalb,413,218,478,319
2018-11-29_090501.jpg,720,576,kalb,225,139,276,175
2019-03-02_145001.jpg,720,576,kalb,353,48,429,74
2019-01-15_103501.jpg,720,576,kalb,366,274,447,348
2019-03-21_035001.jpg,720,576,kalb,358,13,405,88
2018-11-12_034501.jpg,720,576,kalb,189,278,262,416
2018-12-23_074501.jpg,720,576,kalb,448,117,553,232
2018-12-23_070501.jpg,720,576,kalb,505,259,600,354
2018-11-19_121501.jpg,720,576,kalb,467,200,542,267
2018-12-23_092001.jpg,720,576,kalb,84,159,137,237
2018-12-24_192001.jpg,720,576,kalb,502,139,605,198
2018-12-24_192001.jpg,720,576,kalb,199,231,292,350
2018-12-23_093001.jpg,720,576,kalb,66,169,149,240
2019-01-15_054501.jpg,720,576,kalb,93,179,130,234
2019-03-01_211001.jpg,720,576,kalb,163,82,258,178
2018-12-02_231501.jpg,720,576,kalb,103,209,190,272
2019-01-13_144501.jpg,720,576,kalb,243,56,289,128
2019-07-03_195001.jpg,720,576,kalb,225,441,325,574
2019-01-16_013501.jpg,720,576,kalb,328,41,396,83
2018-11-19_221001.jpg,720,576,kalb,226,247,301,389
2018-11-12_161001.jpg,720,576,kalb,232,178,367,234
2019-01-13_233501.jpg,720,576,kalb,221,58,293,102
2018-11-29_024001.jpg,720,576,kalb,249,329,359,428
2019-01-13_181501.jpg,720,576,kalb,267,118,355,204
2019-01-16_010001.jpg,720,576,kalb,331,44,390,83
2018-11-12_091501.jpg,720,576,kalb,177,326,259,451
2019-01-13_221001.jpg,720,576,kalb,113,181,167,230
2019-01-15_082001.jpg,720,576,kalb,480,309,572,385
2018-12-02_112001.jpg,720,576,kalb,258,380,369,451
2018-12-18_070001.jpg,720,576,kalb,298,231,412,326
2019-03-15_011001.jpg,720,576,person,142,123,192,218
2018-11-20_004001.jpg,720,576,kalb,197,192,312,268
2018-12-19_105501.jpg,720,576,kalb,523,168,609,234
2018-11-12_040501.jpg,720,576,kalb,239,376,328,480
2019-01-13_120501.jpg,720,576,kalb,232,76,307,127
2019-01-13_112501.jpg,720,576,person,437,53,506,147
2019-01-13_112501.jpg,720,576,person,215,20,289,96
2018-12-02_155001.jpg,720,576,kalb,423,303,533,381
2019-01-03_083501.jpg,720,576,kalb,401,269,466,366
2019-03-22_091001.jpg,720,576,kalb,158,55,229,126
2018-12-19_105001.jpg,720,576,kalb,520,156,614,228
2018-11-29_090001.jpg,720,576,kalb,399,222,493,309
2018-11-29_090001.jpg,720,576,kalb,227,139,273,177
2018-11-29_090001.jpg,720,576,person,168,115,283,226
2019-01-04_112502.jpg,720,576,kalb,393,60,440,88
2019-01-14_045001.jpg,720,576,kalb,221,99,294,146
2018-11-12_092501.jpg,720,576,kalb,184,343,274,435
2018-11-12_084501.jpg,720,576,kalb,189,344,265,443
2019-01-16_075001.jpg,720,576,kalb,301,130,385,184
2019-07-21_001501.jpg,720,576,kalb,115,274,186,369
2018-12-03_055001.jpg,720,576,kalb,608,259,689,332
2018-12-23_125001.jpg,720,576,kalb,194,65,273,139
2019-07-14_071001.jpg,720,576,kalb,436,176,511,257
2018-11-20_005501.jpg,720,576,kalb,207,194,302,270
2019-01-16_081501.jpg,720,576,kalb,297,132,383,176
2018-12-18_034001.jpg,720,576,kalb,230,163,350,281
2018-11-12_073501.jpg,720,576,kalb,263,111,323,252
2019-01-13_172501.jpg,720,576,kalb,285,121,353,182
2018-11-12_024501.jpg,720,576,kalb,135,153,224,197
2019-01-03_025001.jpg,720,576,kalb,401,85,454,141
2018-12-24_190501.jpg,720,576,kalb,496,131,593,230
2018-12-24_190501.jpg,720,576,kalb,192,237,277,335
2019-01-16_024501.jpg,720,576,kalb,399,67,456,123
2018-12-18_050001.jpg,720,576,kalb,447,125,499,239
2018-12-09_050001.jpg,720,576,kalb,321,65,367,133
2019-02-02_111501.jpg,720,576,kalb,428,339,537,435
2018-11-12_072001.jpg,720,576,kalb,242,441,325,484
2019-01-15_042001.jpg,720,576,kalb,120,220,210,261
2019-07-19_113501.jpg,720,576,kalb,536,244,614,337
2018-12-18_032001.jpg,720,576,kalb,580,231,654,353
2018-12-18_032001.jpg,720,576,person,535,237,660,378
2018-11-19_074501.jpg,720,576,kalb,338,105,431,144
2019-01-03_031001.jpg,720,576,kalb,407,91,453,142
2018-11-19_114501.jpg,720,576,kalb,474,199,552,274
2019-01-04_075001.jpg,720,576,kalb,332,46,412,85
2018-11-19_084501.jpg,720,576,kalb,419,73,521,145
2018-11-19_101501.jpg,720,576,kalb,354,27,447,107
2019-01-03_050001.jpg,720,576,kalb,322,41,381,85
2018-11-12_090001.jpg,720,576,kalb,173,344,269,446
2018-12-23_125501.jpg,720,576,kalb,230,38,296,111
2019-01-15_102501.jpg,720,576,kalb,359,268,459,359
2018-11-29_064001.jpg,720,576,kalb,252,313,342,389
2019-01-16_085001.jpg,720,576,kalb,299,130,383,176
2019-01-14_161001.jpg,720,576,kalb,217,459,313,576
2019-01-14_084001.jpg,720,576,kalb,143,104,205,161
2019-01-16_100001.jpg,720,576,kalb,272,134,364,225
2019-03-02_205501.jpg,720,576,kalb,103,246,199,316
2019-01-03_052501.jpg,720,576,kalb,361,79,460,123
2018-12-01_003001.jpg,720,576,person,286,209,392,349
2018-12-01_003001.jpg,720,576,person,572,128,648,298
2019-01-03_100001.jpg,720,576,kalb,272,362,341,456
2018-12-09_083501.jpg,720,576,kalb,449,89,551,172
2019-01-15_201501.jpg,720,576,kalb,132,135,198,181
2018-12-18_022001.jpg,720,576,kalb,344,122,411,197
2018-12-02_151501.jpg,720,576,kalb,114,159,201,239
2018-12-09_074001.jpg,720,576,kalb,701,83,720,131
2019-04-29_214001.jpg,720,576,kalb,358,36,411,62
2018-12-09_062501.jpg,720,576,kalb,331,29,417,119
2019-01-15_235501.jpg,720,576,kalb,191,86,270,132
2019-01-15_075001.jpg,720,576,kalb,483,303,572,387
2019-01-15_020001.jpg,720,576,kalb,148,117,208,160
2018-12-09_071501.jpg,720,576,kalb,298,343,436,456
2018-11-19_130501.jpg,720,576,kalb,336,25,406,122
2018-12-02_133001.jpg,720,576,kalb,299,101,374,211
2019-01-14_043501.jpg,720,576,kalb,218,91,299,148
2019-01-19_060501.jpg,720,576,kalb,340,164,436,270
2019-01-04_090501.jpg,720,576,kalb,243,119,334,224
2019-01-13_110501.jpg,720,576,person,220,77,351,221
2019-01-13_110501.jpg,720,576,person,306,1,361,113
2018-12-18_005501.jpg,720,576,kalb,419,89,499,151
2018-11-19_210001.jpg,720,576,kalb,458,189,563,258
2018-11-19_070501.jpg,720,576,kalb,340,67,427,163
2019-01-16_003501.jpg,720,576,kalb,261,98,345,176
2018-11-19_124001.jpg,720,576,kalb,236,276,358,412
2019-01-15_121001.jpg,720,576,kalb,389,101,465,144
2018-12-18_020001.jpg,720,576,kalb,405,111,484,179
2019-01-14_005001.jpg,720,576,kalb,557,278,648,361
2019-01-13_190001.jpg,720,576,kalb,284,130,397,189
2019-01-14_230001.jpg,720,576,kalb,166,104,223,153
2018-11-12_160001.jpg,720,576,kalb,242,180,367,238
2018-11-20_052501.jpg,720,576,kalb,206,147,331,250
2019-01-15_060001.jpg,720,576,kalb,91,182,142,231
2019-07-16_065001.jpg,720,576,kalb,197,217,261,261
2019-01-16_065501.jpg,720,576,kalb,299,130,375,186
2019-01-13_235501.jpg,720,576,kalb,205,104,276,198
2018-12-09_084001.jpg,720,576,kalb,434,107,530,180
2019-01-16_025001.jpg,720,576,kalb,399,66,446,124
2019-01-14_065001.jpg,720,576,kalb,345,79,451,126
2019-01-16_043501.jpg,720,576,kalb,247,96,303,163
2018-12-23_130001.jpg,720,576,kalb,227,47,308,116
2018-12-02_232001.jpg,720,576,kalb,420,397,540,472
2018-12-23_131501.jpg,720,576,kalb,122,257,213,395
2019-01-16_032001.jpg,720,576,kalb,398,70,450,123
2019-01-15_022001.jpg,720,576,kalb,251,130,311,190
2018-12-09_053001.jpg,720,576,kalb,398,91,461,138
2018-11-12_015001.jpg,720,576,kalb,135,160,214,203
2019-05-06_083001.jpg,720,576,kalb,605,50,665,134
2018-11-19_113001.jpg,720,576,kalb,462,192,546,270
2018-11-12_113001.jpg,720,576,kalb,262,128,362,234
2019-01-14_175501.jpg,720,576,kalb,252,469,378,576
2018-11-19_235501.jpg,720,576,kalb,203,194,294,273
2018-12-09_064001.jpg,720,576,kalb,239,64,324,156
2018-12-02_111501.jpg,720,576,kalb,258,369,378,453
2018-11-12_101501.jpg,720,576,kalb,212,427,353,514
2018-11-12_150501.jpg,720,576,kalb,384,400,504,495
2018-11-12_153001.jpg,720,576,kalb,381,401,501,499
2019-07-19_043501.jpg,720,576,kalb,450,257,535,322
2018-11-29_044001.jpg,720,576,kalb,393,159,472,238
2018-12-02_205001.jpg,720,576,kalb,535,149,564,194
2019-01-15_145001.jpg,720,576,kalb,402,57,467,112
2018-12-03_023001.jpg,720,576,kalb,462,119,523,192
2019-01-14_010501.jpg,720,576,kalb,175,299,300,420
2019-08-15_173501.jpg,720,576,kalb,373,140,442,203
2019-01-04_061501.jpg,720,576,kalb,334,37,411,87
2018-11-19_065501.jpg,720,576,kalb,345,2,404,78
2019-01-15_024001.jpg,720,576,kalb,106,244,165,312
2018-11-29_111001.jpg,720,576,kalb,372,179,462,271
2018-11-29_111001.jpg,720,576,kalb,217,372,307,489
2018-11-29_111501.jpg,720,576,kalb,378,188,459,266
2018-11-29_111501.jpg,720,576,kalb,212,369,308,491
2018-12-18_062501.jpg,720,576,kalb,303,231,396,328
2019-06-25_040501.jpg,720,576,kalb,332,223,389,283
2019-01-15_071001.jpg,720,576,kalb,508,143,583,209
2019-01-16_002501.jpg,720,576,kalb,286,69,324,133
2019-01-14_054501.jpg,720,576,kalb,217,98,309,142
2018-12-03_055501.jpg,720,576,kalb,608,256,680,336
2018-11-19_222501.jpg,720,576,kalb,235,52,330,130
2019-02-04_034501.jpg,720,576,kalb,332,74,408,110
2019-02-04_034501.jpg,720,576,kalb,337,40,388,89
2018-12-24_175001.jpg,720,576,kalb,517,160,629,263
2018-12-23_112501.jpg,720,576,kalb,345,184,480,267
2018-12-02_231002.jpg,720,576,kalb,405,348,544,439
2018-12-18_092001.jpg,720,576,kalb,468,276,579,339
2019-03-31_221001.jpg,720,576,kalb,203,254,299,347
2019-07-18_225501.jpg,720,576,kalb,316,400,413,503
2019-01-14_051001.jpg,720,576,kalb,223,91,292,141
2018-12-18_025001.jpg,720,576,kalb,309,227,362,270
2019-01-04_045501.jpg,720,576,kalb,337,35,405,79
2019-01-03_050501.jpg,720,576,kalb,390,95,459,137
2018-11-19_102501.jpg,720,576,kalb,320,65,396,155
2019-01-13_180501.jpg,720,576,kalb,415,135,509,221
2019-01-03_080001.jpg,720,576,kalb,140,343,232,435
2018-12-18_025501.jpg,720,576,kalb,419,200,539,304
2018-11-12_104501.jpg,720,576,kalb,222,441,349,528
2019-05-07_224001.jpg,720,576,kalb,304,48,370,97
2019-02-08_125001.jpg,720,576,kalb,247,320,339,423
2018-11-29_075501.jpg,720,576,kalb,211,281,320,375
2018-11-29_075501.jpg,720,576,kalb,342,319,443,464
2018-12-18_004501.jpg,720,576,kalb,443,1,496,90
2018-12-18_004501.jpg,720,576,person,349,1,430,134
2019-01-16_040001.jpg,720,576,kalb,248,90,308,160
2019-01-15_050001.jpg,720,576,kalb,108,262,209,341
2019-04-11_031001.jpg,720,576,kalb,186,399,283,481
2019-01-04_065001.jpg,720,576,kalb,330,42,412,86
2018-12-18_082501.jpg,720,576,kalb,279,81,332,129
2018-12-23_081501.jpg,720,576,kalb,111,217,180,355
2019-01-15_023501.jpg,720,576,kalb,104,244,163,316
2019-01-15_120001.jpg,720,576,kalb,390,99,465,145
2019-07-15_104001.jpg,720,576,kalb,351,108,396,187
2019-07-15_104001.jpg,720,576,kalb,536,242,651,335
2018-11-12_022501.jpg,720,576,kalb,131,161,206,205
2019-07-04_024001.jpg,720,576,kalb,222,450,371,539
2018-12-23_085001.jpg,720,576,kalb,430,269,568,411
2019-02-28_205501.jpg,720,576,kalb,304,138,402,227
2018-12-18_045001.jpg,720,576,kalb,437,131,531,257
2019-04-29_212501.jpg,720,576,kalb,325,28,392,63
2018-11-12_092001.jpg,720,576,kalb,173,348,273,457
2018-12-03_062501.jpg,720,576,kalb,456,71,540,167
2019-01-04_071001.jpg,720,576,kalb,332,40,402,83
2019-01-16_041001.jpg,720,576,kalb,243,93,304,148
2019-01-14_053501.jpg,720,576,kalb,213,99,269,145
2019-01-13_110001.jpg,720,576,person,205,214,298,342
2018-11-29_025001.jpg,720,576,kalb,257,205,315,259
2019-01-13_203001.jpg,720,576,kalb,242,84,301,128
2019-01-03_070501.jpg,720,576,kalb,136,328,238,434
2019-07-20_175501.jpg,720,576,kalb,301,46,359,89
2018-11-19_225001.jpg,720,576,kalb,343,93,398,187
2019-01-03_090501.jpg,720,576,kalb,270,361,356,473
2018-11-12_042001.jpg,720,576,kalb,235,376,323,481
2018-11-12_141501.jpg,720,576,kalb,376,388,504,496
2019-01-16_005001.jpg,720,576,kalb,329,43,397,86
2018-11-12_110501.jpg,720,576,kalb,247,362,390,513
2018-11-12_044501.jpg,720,576,kalb,283,235,384,326
2018-12-09_055001.jpg,720,576,kalb,543,108,612,211
2019-01-17_104501.jpg,720,576,kalb,316,83,396,192
2019-01-13_165501.jpg,720,576,kalb,281,123,355,178
2019-01-04_121001.jpg,720,576,kalb,362,54,425,96
2019-01-03_104001.jpg,720,576,kalb,170,68,226,155
2019-01-16_060001.jpg,720,576,kalb,245,95,305,168
2019-01-15_134001.jpg,720,576,kalb,399,59,455,114
2019-01-15_093501.jpg,720,576,kalb,342,270,444,356
2019-01-16_114001.jpg,720,576,kalb,465,114,537,182
2019-02-09_020001.jpg,720,576,kalb,59,154,120,217
2019-05-08_114501.jpg,720,576,kalb,613,207,693,281
2019-01-15_031001.jpg,720,576,kalb,102,249,149,310
2018-12-02_103501.jpg,720,576,kalb,100,393,236,477
2018-12-02_103501.jpg,720,576,person,148,379,395,553
2018-12-02_103501.jpg,720,576,person,35,409,149,566
2018-11-19_221501.jpg,720,576,kalb,301,48,379,135
2019-02-07_035501.jpg,720,576,kalb,590,234,651,332
2019-01-15_082501.jpg,720,576,kalb,486,306,576,387
2019-01-04_002501.jpg,720,576,kalb,368,46,440,118
2019-01-16_015001.jpg,720,576,kalb,329,41,396,83
2019-03-04_023501.jpg,720,576,kalb,311,34,377,76
2018-11-19_123001.jpg,720,576,kalb,60,153,180,220
2018-11-19_123001.jpg,720,576,person,77,103,158,198
2019-01-15_183001.jpg,720,576,kalb,413,331,519,403
2018-11-29_074501.jpg,720,576,kalb,364,48,481,159
2018-11-29_074501.jpg,720,576,kalb,220,288,321,373
2019-01-04_091501.jpg,720,576,kalb,357,115,481,193
2019-01-16_073001.jpg,720,576,kalb,295,133,382,183
2019-01-03_015501.jpg,720,576,kalb,361,113,449,174
2019-01-03_084501.jpg,720,576,kalb,353,154,445,260
2018-11-19_102001.jpg,720,576,kalb,308,48,405,125
2018-11-20_000501.jpg,720,576,kalb,198,196,309,268
2018-12-23_090001.jpg,720,576,kalb,52,154,133,237
2019-01-15_050501.jpg,720,576,kalb,92,170,143,222
2019-01-14_230501.jpg,720,576,kalb,165,107,223,153
2019-01-15_001001.jpg,720,576,kalb,99,213,150,312
2018-12-19_114001.jpg,720,576,kalb,412,87,478,137
2018-11-12_145001.jpg,720,576,kalb,381,402,503,508
2019-04-11_073001.jpg,720,576,kalb,366,51,416,102
2018-12-02_160501.jpg,720,576,kalb,415,284,534,392
2019-01-14_152501.jpg,720,576,kalb,491,138,554,196
2019-01-16_093001.jpg,720,576,kalb,340,101,421,153
2019-07-12_192001.jpg,720,576,kalb,449,350,546,426
2018-11-29_085001.jpg,720,576,kalb,193,139,276,197
2018-11-29_085001.jpg,720,576,kalb,401,220,489,310
2018-11-12_062501.jpg,720,576,kalb,224,424,308,499
2019-01-16_070501.jpg,720,576,kalb,304,136,369,185
2019-01-16_122501.jpg,720,576,kalb,456,114,533,179
2019-01-03_055501.jpg,720,576,kalb,251,163,336,259
2019-03-17_142501.jpg,720,576,kalb,313,40,384,67
2018-11-19_140001.jpg,720,576,kalb,330,109,420,160
2018-11-20_001001.jpg,720,576,kalb,208,194,297,266
2018-12-18_014001.jpg,720,576,kalb,433,119,540,176
2019-01-03_045001.jpg,720,576,kalb,323,45,392,82
2019-01-15_133501.jpg,720,576,kalb,398,55,453,112
2018-11-19_062501.jpg,720,576,kalb,307,60,374,115
2018-11-29_061001.jpg,720,576,kalb,231,296,351,372
2018-11-19_231001.jpg,720,576,kalb,443,200,535,262
2019-02-06_085001.jpg,720,576,kalb,448,288,524,369
2018-11-19_223501.jpg,720,576,kalb,222,92,334,168
2018-12-18_041001.jpg,720,576,kalb,418,213,505,293
2019-06-29_052501.jpg,720,576,kalb,585,264,666,352
2019-01-15_065501.jpg,720,576,kalb,428,126,520,219
2018-12-23_114001.jpg,720,576,kalb,533,218,631,338
2019-01-03_111501.jpg,720,576,kalb,415,96,503,178
2019-01-15_134501.jpg,720,576,kalb,398,62,455,113
2018-12-23_094001.jpg,720,576,person,253,157,352,363
2018-12-23_094001.jpg,720,576,kalb,202,375,321,494
2019-01-15_073501.jpg,720,576,kalb,486,302,576,389
2019-01-15_234001.jpg,720,576,kalb,192,79,272,134
2019-06-17_132501.jpg,720,576,kalb,142,225,213,295
2019-06-17_132501.jpg,720,576,kalb,53,154,121,226
2019-06-17_132501.jpg,720,576,person,108,200,168,293
2018-12-18_091501.jpg,720,576,kalb,472,279,580,342
2018-11-19_072001.jpg,720,576,kalb,343,98,437,148
2018-12-23_115001.jpg,720,576,kalb,183,367,293,492
2019-01-14_234501.jpg,720,576,kalb,92,147,124,190
2018-12-18_061001.jpg,720,576,kalb,311,234,392,327
2019-01-03_040001.jpg,720,576,kalb,334,71,377,91
2019-01-16_113501.jpg,720,576,kalb,463,114,529,178
2019-01-13_102001.jpg,720,576,person,107,108,189,283
2019-07-19_054001.jpg,720,576,kalb,464,339,558,414
2019-01-13_185501.jpg,720,576,kalb,264,44,314,122
2018-12-23_132501.jpg,720,576,kalb,144,300,251,391
2018-11-19_124501.jpg,720,576,kalb,398,69,475,166
2018-12-02_185501.jpg,720,576,kalb,573,220,648,347
2018-12-03_040501.jpg,720,576,kalb,452,112,512,189
2018-11-12_115501.jpg,720,576,kalb,536,216,639,281
2019-03-31_043001.jpg,720,576,kalb,268,335,363,376
2019-01-15_064001.jpg,720,576,kalb,457,127,519,211
2019-01-13_143001.jpg,720,576,kalb,404,234,453,352
2019-01-15_090501.jpg,720,576,kalb,470,302,570,381
2018-11-29_062001.jpg,720,576,kalb,240,294,346,379
2019-02-08_151501.jpg,720,576,kalb,200,355,339,461
2019-01-15_013501.jpg,720,576,kalb,142,115,208,162
2018-11-20_054001.jpg,720,576,kalb,292,40,378,115
2019-04-11_063001.jpg,720,576,kalb,398,125,475,175
2019-04-11_063001.jpg,720,576,kalb,275,29,351,93
2019-01-04_071501.jpg,720,576,kalb,337,43,406,83
2019-01-03_110001.jpg,720,576,kalb,503,222,603,285
2019-07-08_065501.jpg,720,576,kalb,202,213,302,318
2019-07-08_065501.jpg,720,576,kalb,173,173,226,234
2018-12-18_013501.jpg,720,576,kalb,434,106,517,175
2018-12-02_121001.jpg,720,576,kalb,339,444,474,556
2019-01-13_220501.jpg,720,576,kalb,111,178,184,226
2018-12-24_202501.jpg,720,576,kalb,522,135,562,192
2018-12-24_202501.jpg,720,576,kalb,195,227,276,347
2018-11-29_063501.jpg,720,576,kalb,264,295,314,337
2018-11-12_095501.jpg,720,576,kalb,179,353,296,443
2018-11-29_082001.jpg,720,576,kalb,127,160,216,238
2018-11-29_082001.jpg,720,576,kalb,142,145,237,187
2018-12-05_072501.jpg,720,576,person,72,79,213,262
2019-01-16_122001.jpg,720,576,kalb,464,116,530,178
2018-12-09_085501.jpg,720,576,kalb,446,130,540,207
2019-08-23_133001.jpg,720,576,kalb,398,122,488,164
2019-02-17_115001.jpg,720,576,kalb,302,73,363,130
2019-01-15_092501.jpg,720,576,kalb,355,274,456,347
2019-01-04_003501.jpg,720,576,kalb,405,49,456,100
2018-12-24_235001.jpg,720,576,kalb,198,230,293,338
2018-11-29_043001.jpg,720,576,kalb,383,155,477,234
2019-01-14_231501.jpg,720,576,kalb,157,108,220,149
2018-12-18_030501.jpg,720,576,kalb,426,278,547,351
2019-01-15_051501.jpg,720,576,kalb,90,177,143,232
2019-01-14_063001.jpg,720,576,kalb,329,149,394,244
2018-11-29_080501.jpg,720,576,kalb,221,295,327,375
2018-11-29_080501.jpg,720,576,kalb,471,247,595,326
2019-01-13_212501.jpg,720,576,kalb,181,91,259,153
2019-01-16_095001.jpg,720,576,kalb,106,209,173,293
2018-11-29_065001.jpg,720,576,kalb,225,287,332,385
2018-11-29_065001.jpg,720,576,kalb,358,51,385,108
2018-12-18_034501.jpg,720,576,kalb,201,127,249,205
2018-12-18_072001.jpg,720,576,kalb,329,231,431,324
2018-12-09_090001.jpg,720,576,kalb,435,126,527,200
2019-01-14_064501.jpg,720,576,kalb,431,160,543,265
2019-01-14_165501.jpg,720,576,kalb,403,386,484,470
2018-11-12_153501.jpg,720,576,kalb,167,298,256,406
2018-12-23_101501.jpg,720,576,kalb,420,107,501,190
2018-12-24_192501.jpg,720,576,kalb,195,249,287,337
2018-12-24_192501.jpg,720,576,kalb,502,131,574,188
2019-01-14_031501.jpg,720,576,kalb,224,77,279,170
2019-01-03_121001.jpg,720,576,kalb,452,127,530,163
2019-01-13_215001.jpg,720,576,kalb,111,178,189,224
2019-01-16_100501.jpg,720,576,kalb,195,103,273,154
2019-01-14_011001.jpg,720,576,kalb,294,53,366,136
2019-01-14_183501.jpg,720,576,kalb,75,163,135,218
2019-01-14_183501.jpg,720,576,person,53,80,128,171
2018-11-29_033001.jpg,720,576,kalb,325,152,406,220
2019-01-14_012001.jpg,720,576,kalb,259,68,289,99
2018-12-03_062001.jpg,720,576,kalb,248,374,366,515
2018-11-19_101001.jpg,720,576,kalb,175,164,314,267
2018-12-18_050501.jpg,720,576,kalb,326,129,427,275
2019-01-15_085501.jpg,720,576,kalb,476,303,569,387
2019-01-03_071501.jpg,720,576,kalb,137,338,232,430
2019-07-01_162501.jpg,720,576,kalb,366,15,455,93
2019-01-13_130001.jpg,720,576,kalb,455,186,531,249
2019-01-15_130002.jpg,720,576,kalb,393,99,464,145
2018-11-12_140001.jpg,720,576,kalb,233,269,353,413
2019-01-03_051501.jpg,720,576,kalb,472,86,507,124
2019-06-28_073001.jpg,720,576,kalb,349,41,420,88
2019-01-24_062001.jpg,720,576,kalb,337,182,431,284
2018-12-03_010501.jpg,720,576,kalb,352,403,494,487
2018-11-12_035501.jpg,720,576,kalb,242,369,320,503
2019-01-16_091501.jpg,720,576,kalb,341,107,419,148
2019-01-14_083501.jpg,720,576,kalb,145,104,210,160
2019-01-15_105501.jpg,720,576,kalb,359,273,452,355
2019-01-15_061501.jpg,720,576,kalb,89,178,139,236
2019-03-31_005001.jpg,720,576,kalb,157,280,292,372
2019-01-13_213501.jpg,720,576,kalb,153,99,204,199
2019-01-04_030001.jpg,720,576,kalb,337,22,379,57
2018-11-29_110001.jpg,720,576,kalb,376,180,433,268
2018-11-29_110001.jpg,720,576,kalb,210,367,303,489
2019-01-13_103501.jpg,720,576,person,192,46,261,219
2019-01-19_014001.jpg,720,576,kalb,299,188,359,315
2018-11-29_110501.jpg,720,576,kalb,386,182,457,274
2018-11-29_110501.jpg,720,576,kalb,212,373,320,487
2019-01-15_072501.jpg,720,576,kalb,488,300,570,387
2019-01-14_180001.jpg,720,576,kalb,110,160,178,228
2018-11-12_063501.jpg,720,576,kalb,221,439,320,495
2018-11-19_115001.jpg,720,576,kalb,473,192,545,271
2019-01-15_065001.jpg,720,576,kalb,384,31,455,107
2018-11-12_134001.jpg,720,576,kalb,502,180,603,282
2019-01-03_100501.jpg,720,576,kalb,267,368,359,461
2018-11-19_132001.jpg,720,576,kalb,366,114,423,174
2018-12-25_001501.jpg,720,576,kalb,619,323,705,456
2018-12-25_001501.jpg,720,576,kalb,467,467,618,557
2019-07-14_121001.jpg,720,576,kalb,88,190,160,262
2019-01-03_085501.jpg,720,576,kalb,260,368,345,470
2019-01-15_003501.jpg,720,576,kalb,351,248,426,362
2018-11-12_024001.jpg,720,576,kalb,140,154,226,192
2018-11-12_142501.jpg,720,576,kalb,376,389,509,492
2019-02-04_053501.jpg,720,576,kalb,258,97,368,180
2019-03-18_121501.jpg,720,576,kalb,151,266,210,343
2018-11-29_023001.jpg,720,576,kalb,271,403,400,520
2019-01-03_073501.jpg,720,576,kalb,140,352,231,432
2018-11-12_065001.jpg,720,576,kalb,253,437,308,482
2018-12-24_170001.jpg,720,576,kalb,513,157,578,208
2019-01-15_005501.jpg,720,576,kalb,284,371,350,507
2019-01-13_220001.jpg,720,576,kalb,108,178,181,224
2018-11-12_115001.jpg,720,576,kalb,538,216,646,283
2018-11-12_144501.jpg,720,576,kalb,373,396,515,498
2019-03-31_000501.jpg,720,576,kalb,142,289,231,382
2018-12-18_044001.jpg,720,576,kalb,348,161,402,263
2019-01-13_173001.jpg,720,576,kalb,281,120,360,174
2018-12-23_111501.jpg,720,576,kalb,293,29,365,111
2019-01-04_042501.jpg,720,576,kalb,344,32,413,76
2019-01-13_232001.jpg,720,576,kalb,133,214,241,311
2018-12-18_011501.jpg,720,576,kalb,441,127,508,160
2019-01-26_002502.jpg,720,576,kalb,324,37,396,111
2018-11-12_161501.jpg,720,576,kalb,253,174,371,239
2019-01-15_235001.jpg,720,576,kalb,195,87,266,133
2019-01-15_072001.jpg,720,576,kalb,477,294,564,386
2018-11-19_234001.jpg,720,576,kalb,271,70,325,136
2019-01-17_054501.jpg,720,576,kalb,473,142,549,204
2018-12-24_214502.jpg,720,576,kalb,503,110,577,204
2018-12-24_214502.jpg,720,576,kalb,193,225,293,334
2018-12-02_105001.jpg,720,576,kalb,232,385,386,462
2019-01-15_111501.jpg,720,576,kalb,357,272,452,353
2018-11-29_032001.jpg,720,576,kalb,252,171,343,288
2019-01-16_060501.jpg,720,576,kalb,242,99,306,168
2018-12-18_043501.jpg,720,576,kalb,272,194,345,326
2018-11-19_233001.jpg,720,576,kalb,293,52,349,128
2018-11-12_043501.jpg,720,576,kalb,283,238,391,338
2018-11-20_055501.jpg,720,576,kalb,315,46,381,105
2018-11-12_062001.jpg,720,576,kalb,211,435,303,540
2019-01-04_010002.jpg,720,576,kalb,382,61,436,93
2018-11-19_063001.jpg,720,576,kalb,293,63,369,125
2019-07-12_210501.jpg,720,576,kalb,210,429,294,559
2019-01-13_224001.jpg,720,576,kalb,117,175,189,230
2018-11-19_074001.jpg,720,576,kalb,343,107,425,142
2018-12-03_001001.jpg,720,576,person,373,76,470,257
2018-12-03_001001.jpg,720,576,kalb,422,384,543,479
2018-12-03_050501.jpg,720,576,kalb,614,189,687,303
2019-07-12_104001.jpg,720,576,kalb,112,140,180,248
2018-11-12_075501.jpg,720,576,kalb,171,345,268,446
2018-11-12_014001.jpg,720,576,person,392,95,466,237
2019-01-15_004501.jpg,720,576,kalb,283,172,348,253
2018-12-09_051501.jpg,720,576,kalb,373,85,449,133
2018-12-07_101001.jpg,720,576,person,87,215,218,410
2019-01-16_030501.jpg,720,576,kalb,397,68,455,121
2019-01-14_033501.jpg,720,576,kalb,108,195,187,253
2018-11-19_121001.jpg,720,576,kalb,470,190,553,274
2019-03-21_233001.jpg,720,576,kalb,348,94,416,166
2019-01-13_192001.jpg,720,576,kalb,242,86,272,138
2018-12-18_045501.jpg,720,576,kalb,447,154,492,214
2018-12-24_191501.jpg,720,576,kalb,193,215,298,344
2018-12-24_191501.jpg,720,576,kalb,494,134,598,192
2019-06-29_090001.jpg,720,576,kalb,422,220,568,329
2019-01-14_061001.jpg,720,576,kalb,212,93,304,145
2019-01-13_214501.jpg,720,576,kalb,107,179,194,226
2019-05-06_151001.jpg,720,576,kalb,277,164,387,220
2018-11-12_103001.jpg,720,576,kalb,211,439,373,525
2018-12-03_012001.jpg,720,576,kalb,219,223,334,319
2019-01-14_032001.jpg,720,576,kalb,451,98,510,208
2018-11-19_214001.jpg,720,576,kalb,456,188,554,257
2019-08-03_090001.jpg,720,576,kalb,531,292,625,360
2018-11-29_031501.jpg,720,576,kalb,268,193,343,284
2019-01-15_055501.jpg,720,576,kalb,88,181,139,235
2019-01-04_052001.jpg,720,576,kalb,335,39,405,83
2019-02-08_084001.jpg,720,576,kalb,190,401,262,476
2018-11-12_152501.jpg,720,576,kalb,375,399,496,510
2018-12-24_183001.jpg,720,576,kalb,250,233,329,315
2018-12-24_183001.jpg,720,576,kalb,504,139,576,218
2019-01-14_040501.jpg,720,576,kalb,220,94,303,147
2018-11-12_112501.jpg,720,576,kalb,186,132,313,232
2019-04-13_225501.jpg,720,576,kalb,296,73,362,180
2018-11-12_015501.jpg,720,576,kalb,136,159,205,195
2018-11-19_075501.jpg,720,576,kalb,291,52,362,113
2019-01-15_095501.jpg,720,576,kalb,353,269,446,348
2019-01-15_113501.jpg,720,576,kalb,141,196,202,309
2018-12-09_074501.jpg,720,576,kalb,664,47,692,94
2018-11-19_082001.jpg,720,576,kalb,50,154,134,257
2019-01-03_011001.jpg,720,576,person,129,55,201,185
2019-01-03_011001.jpg,720,576,person,229,1,298,96
2019-01-04_044501.jpg,720,576,kalb,338,32,401,79
2018-11-19_081001.jpg,720,576,kalb,276,53,359,115
2019-01-03_015002.jpg,720,576,person,1,213,96,359
2018-12-23_103001.jpg,720,576,kalb,245,315,377,399
2019-01-13_125001.jpg,720,576,kalb,488,209,554,277
2019-02-09_084501.jpg,720,576,kalb,69,160,168,220
2018-12-18_073001.jpg,720,576,kalb,308,224,399,310
2018-11-12_085001.jpg,720,576,kalb,201,342,274,437
2018-12-02_145501.jpg,720,576,kalb,401,99,484,183
2019-01-15_123501.jpg,720,576,kalb,385,103,465,140
2019-01-15_060501.jpg,720,576,kalb,88,179,138,237
2019-01-15_165001.jpg,720,576,kalb,451,104,519,160
2018-11-29_032501.jpg,720,576,kalb,242,184,336,258
2018-12-09_061501.jpg,720,576,kalb,373,40,462,122
2018-11-12_043001.jpg,720,576,kalb,239,314,326,453
2018-11-12_043001.jpg,720,576,person,142,303,237,434
2018-11-12_043001.jpg,720,576,person,598,292,714,545
2018-12-19_121001.jpg,720,576,kalb,428,77,451,115
2018-12-19_121001.jpg,720,576,person,416,34,503,104
2019-01-15_040501.jpg,720,576,kalb,120,216,213,251
2018-12-18_072501.jpg,720,576,kalb,312,233,409,328
2019-06-28_003501.jpg,720,576,kalb,111,268,215,353
2018-12-18_040501.jpg,720,576,kalb,404,205,500,301
2019-01-15_064501.jpg,720,576,kalb,196,328,298,445
2018-12-19_123001.jpg,720,576,kalb,368,157,405,183
2018-11-19_204501.jpg,720,576,kalb,449,189,565,253
2018-11-19_090501.jpg,720,576,kalb,262,82,357,126
2019-03-22_111001.jpg,720,576,kalb,111,117,188,168
2018-12-18_110001.jpg,720,576,person,281,192,380,368
2018-12-18_110001.jpg,720,576,person,455,245,573,414
2019-01-14_182001.jpg,720,576,kalb,78,164,128,222
2019-01-16_051001.jpg,720,576,kalb,250,93,303,150
2019-01-14_034501.jpg,720,576,kalb,104,200,187,253
2018-12-02_132501.jpg,720,576,kalb,80,154,154,245
2018-12-18_031501.jpg,720,576,kalb,424,282,550,348
2018-11-19_115501.jpg,720,576,kalb,471,200,551,272
2019-01-14_022501.jpg,720,576,kalb,268,57,304,100
2018-11-12_111501.jpg,720,576,kalb,73,169,193,269
